#{"t_start": 1573434320.805452, "env_id": "LunarLanderContinuous-v2"}
r,l,t
-349.688864,143,2.442374
-75.307779,73,3.340347
38.426425,72,3.402985
-397.911527,74,3.815353
-329.579953,69,4.223834
-120.594333,76,4.645049
-740.556977,83,4.7488
-272.848992,54,5.265949
-231.993932,81,5.714923
-133.030734,86,6.130087
-117.923459,92,6.557726
-130.51032,82,6.642653
-205.207685,92,7.089551
-106.640903,89,7.524953
-192.549568,82,7.959563
-73.029499,76,8.506267
-81.779152,70,8.587032
-129.217483,64,8.989459
-98.163736,78,9.421648
-18.141772,100,9.879248
-123.154358,95,10.319394
-60.218159,167,10.927157
-118.485297,75,11.341591
-160.008657,94,11.926296
-61.245419,73,12.362964
-109.271876,91,12.817831
-134.740275,210,13.842958
-87.835799,59,13.903678
-196.308746,86,14.340059
-182.915569,92,14.912961
-107.971123,87,15.338855
-115.250711,82,15.786415
-130.122595,153,16.326604
-102.19107,64,16.7184
-101.439946,85,17.142368
-503.400173,138,17.671859
-332.261664,99,18.27474
-289.628186,101,18.725248
-136.942932,72,19.125825
-173.222848,75,19.551762
-249.829427,140,20.076884
-183.058907,99,20.552928
-115.979992,79,20.977774
-12.645898,106,21.541335
-642.1834,125,22.025205
-410.216462,146,22.889664
-209.965528,79,23.272797
-385.590238,84,23.374118
-245.23836,87,23.792112
-460.903576,150,24.739312
-481.406114,112,25.162537
-488.810833,131,25.62497
-480.027849,93,26.052236
-650.168308,93,26.462012
-431.359173,62,26.835353
-126.519629,74,26.906755
-376.598513,152,27.827468
-161.64519,65,28.201
-117.476511,97,28.594604
-125.664073,76,28.671861
-233.243159,186,29.514984
-157.05854,60,29.870681
-84.840731,143,30.354754
-141.61854,91,30.868223
-89.678274,92,31.269684
-22.3255,87,31.656437
-354.869471,192,32.513642
-128.673078,59,32.564834
-127.726348,59,32.929867
-240.554569,182,33.920941
-129.126652,75,34.30315
-68.934444,143,34.783864
-102.799878,64,35.142265
60.248073,67,35.200055
-98.412681,51,35.538759
-236.784926,169,36.475455
-139.750404,62,36.5419
-69.859056,89,36.961155
-138.694934,75,37.31219
-30.280157,100,37.716134
-267.249414,188,38.572319
-312.909437,118,39.003249
-132.824505,71,39.495891
-86.8029,59,39.539249
-219.018033,146,40.321202
-100.697184,56,40.374356
-196.208469,141,41.151707
-287.126031,94,41.564034
-455.003377,387,43.417971
-91.612184,123,44.12727
-125.642967,133,44.577881
-97.089393,57,44.913928
-47.122504,56,45.003256
-537.825607,341,46.777433
-228.045351,174,47.563865
-241.411874,177,48.520718
-306.255654,119,48.924155
-44.050053,64,49.267493
-181.456172,166,49.733663
-269.450405,166,50.528778
-110.883311,129,51.098073
-90.972962,72,51.441702
-150.204701,63,51.799363
-236.904466,157,52.288501
-81.681255,135,53.003702
-223.937188,131,53.46029
-236.036902,108,54.013834
-27.494693,77,54.406112
-276.3349,105,54.822641
-251.546041,145,55.289117
-129.03794,89,55.667619
-214.029891,148,56.416728
-105.423629,126,56.97028
-1.912617,66,57.338663
-348.818096,286,58.783995
-235.344859,119,59.200048
-64.170875,72,59.304383
-273.288963,121,60.11722
-128.943532,77,60.184676
-225.653472,125,60.894979
-23.896845,101,61.287649
-271.775803,239,62.475937
-234.624318,222,63.438697
-42.160095,85,63.80159
-129.459753,77,64.188974
-234.914435,97,64.588092
-26.712967,84,64.97061
-287.189703,126,65.578211
-200.230983,160,66.406673
-263.276575,121,66.857612
-225.712446,121,67.32639
-105.729912,67,67.685711
-162.368961,241,68.762514
-300.279993,158,69.545411
-251.365076,108,69.953978
-579.252582,226,70.913128
4.055387,97,71.429829
-173.090054,97,71.860524
-265.510637,151,72.334627
-155.634854,113,73.08357
-76.7719,102,73.483065
-129.741813,87,73.567166
-64.315142,90,73.952943
30.187204,111,74.494987
-42.434214,116,75.226362
-80.708625,95,75.623453
-71.965365,109,76.054126
-64.512542,126,76.478091
-168.780522,142,76.947546
-78.336568,97,77.484007
-310.823552,179,78.341349
-86.871866,92,78.741375
-44.218145,103,79.135696
-126.152674,138,79.594328
4.207882,108,80.428421
-232.367294,310,81.900369
-25.581624,159,82.400494
-30.89479,297,83.880065
-28.806205,117,84.318133
-273.836878,284,85.784462
-227.592114,656,91.267867
189.39791,867,98.376952
-50.599007,166,99.351173
-96.881129,140,99.817466
-96.132427,143,100.628175
-56.927775,141,101.097458
-251.649692,468,103.784006
-68.182397,153,104.580408
243.485058,211,105.598038
-57.430875,151,106.081491
-180.927263,123,106.513691
-94.199441,140,107.292688
-121.847267,118,107.869815
-247.913469,188,108.714407
-177.200409,120,109.159201
-42.003202,110,109.59759
-59.803665,128,110.040451
-101.942279,127,110.928448
-108.117066,110,111.36373
-73.055827,132,111.826576
-85.373307,105,112.253278
233.955705,278,113.607484
-120.72217,121,114.184314
-76.210515,113,114.629301
-207.361361,217,115.583643
-272.650298,158,116.355464
-186.940964,295,117.950852
41.810662,97,118.389525
-61.951889,129,118.839963
-17.811119,91,119.236258
-57.489035,120,119.686846
-176.21763,275,121.311433
-51.414781,117,121.760914
-133.070618,1000,128.986006
-16.162437,99,129.447358
-8.211969,77,129.825314
-33.447291,81,130.221837
-55.585048,98,130.655689
-70.611313,1000,138.758233
-60.955324,147,139.22753
2.212798,83,139.605487
-82.77267,89,140.017447
-30.031382,96,140.423552
-71.587728,101,140.957888
-145.672533,113,141.389026
-21.503673,72,141.762234
-48.953949,56,141.821029
-16.237769,98,142.246308
18.08029,111,142.685375
-29.411252,98,143.092505
-80.879797,91,143.488393
-68.030163,143,144.423023
-32.310078,57,144.48281
7.397694,69,144.862539
-83.716532,122,145.314213
-135.028898,120,145.752051
-100.487526,260,147.308858
-168.915752,132,147.776612
-73.546284,1000,158.439713
-14.684088,1000,165.059614
5.00929,136,165.803331
-51.935394,124,166.258441
-15.093031,67,166.73291
-75.861387,252,167.682232
-156.665511,80,168.024865
-11.589921,231,169.007088
-43.403267,113,169.559863
-21.247496,136,170.295113
-111.437497,61,170.342845
-4.941325,267,171.585553
-41.760781,228,172.732747
19.306208,90,173.110453
-30.199468,166,173.937762
-78.98109,80,174.307677
-148.170084,84,174.810738
-5.992022,226,175.752521
-73.556439,83,176.142911
-72.029775,66,176.207715
-11.412199,173,177.007837
-87.074767,65,177.432325
-103.242961,71,177.589393
-122.677631,75,177.945928
-60.550247,144,178.723004
-66.906374,253,179.760785
-32.668427,75,180.125236
-96.463925,169,181.085209
37.986033,189,181.658923
-54.366539,181,182.47793
-116.427843,64,182.894572
-58.896916,266,184.323268
-70.033571,206,185.231499
-53.231428,186,185.791783
-54.082996,324,187.920178
-128.21241,62,187.969837
-120.742422,59,188.334094
-97.616217,311,190.029665
-86.093152,154,190.843296
-113.502134,53,190.896972
-155.48534,134,191.368427
-94.186237,94,191.774307
-56.503032,92,192.327472
-103.406238,67,192.708035
-77.586292,171,193.517408
-138.316681,75,193.589752
-81.514402,154,194.379623
41.547633,1000,201.753163
30.465966,163,202.623213
-138.641277,144,203.095174
-71.720881,109,203.517183
-11.488374,125,203.984401
-136.864711,136,204.848523
-183.244704,436,207.340928
-53.320352,195,208.240345
-39.971268,77,208.598021
-1.414865,293,210.150906
-68.020267,140,210.666801
-3.507814,169,211.473207
-36.431061,76,211.849738
211.370789,480,214.566318
42.189752,121,215.308227
2.360869,91,215.688317
43.430489,1000,222.611911
-15.257389,90,222.707299
-90.112931,158,223.501072
233.416716,285,225.023414
26.735198,150,225.523949
138.441062,487,228.26091
-28.908054,182,229.100855
-100.616878,145,229.587971
12.773815,119,230.33327
-1.873812,133,230.94427
27.177295,1000,237.482915
-28.457922,138,237.934035
10.24874,156,238.736184
-41.247861,145,239.208661
-177.961345,170,240.150348
-20.888822,177,241.003652
-5.748922,239,242.016171
71.892281,96,242.441218
-57.539173,349,244.691368
-36.161686,134,245.173834
30.534855,1000,252.385923
181.438991,275,253.8223
-46.828123,70,253.898594
-99.602688,144,254.830559
-7.71712,281,256.249226
-53.641441,93,256.648857
-158.341537,526,259.733801
31.755739,1000,267.688097
32.373692,238,268.615581
54.610528,203,269.633504
17.087377,307,271.001977
-32.001521,165,271.829428
-60.904877,144,272.740065
39.537813,243,273.712232
-80.240927,145,274.179367
-18.118653,335,276.380555
-106.793189,180,277.198623
-5.740675,138,277.687272
-74.551656,158,278.156315
-58.029116,129,279.068654
16.762391,177,279.888506
-66.710887,167,280.392468
-12.43999,153,281.215431
9.556398,173,281.839278
-50.258705,147,282.633019
-109.797875,151,283.112276
31.367018,213,284.314912
82.910214,1000,293.053399
-4.246528,113,293.578857
298.801613,258,294.630255
-22.972866,168,295.449858
33.060779,1000,301.726004
-0.34206,142,302.220635
306.173046,256,303.63439
256.558318,341,305.515506
-54.314664,283,307.118611
9.122448,1000,313.8858
-24.336352,140,314.715684
-290.856649,915,320.393261
-25.82741,140,320.867465
229.629464,504,323.743501
-94.164024,1000,333.082182
-55.741136,1000,341.146563
265.36839,302,342.614392
260.049523,261,344.135873
257.192834,545,347.345332
25.56018,1000,354.130805
41.285271,1000,360.945023
235.42398,627,364.650544
-45.446791,1000,372.347129
-57.667894,1000,381.869107
-9.386515,144,382.344135
-50.79368,1000,390.119252
-68.640987,1000,399.473298
41.37462,123,399.951047
5.037882,103,400.375629
-79.638847,1000,407.573092
-29.01593,94,407.978827
42.46778,120,408.416316
-79.53092,1000,415.726514
-4.993913,98,416.125104
-74.632935,1000,425.795727
-61.930237,1000,432.612758
-77.902518,1000,440.464488
-74.94618,86,440.860375
283.783929,216,441.944885
-84.433607,1000,450.350222
-33.619419,1000,457.721501
-70.774759,1000,463.674262
-52.915538,1000,470.205647
-83.202561,1000,478.919471
-28.733089,1000,486.840526
-62.395758,1000,496.92798
-126.784077,289,498.381378
-93.848422,1000,505.74616
-78.250486,1000,512.719067
24.495048,1000,522.212474
226.811171,535,526.015917
-90.957532,340,527.779436
-34.030001,1000,534.702918
-28.357637,1000,542.361227
-33.826359,1000,550.335824
-81.443865,1000,558.75214
-24.752345,1000,566.859021
-57.53634,1000,572.421071
14.459117,1000,581.31533
-95.644882,1000,586.85406
-209.592254,710,590.846201
-53.397669,1000,597.270168
136.627434,688,601.546326
-89.664208,285,603.060455
-19.507155,1000,612.440436
-262.113055,220,613.398675
-16.429191,1000,620.175984
-28.137006,1000,626.65476
176.222938,587,630.537762
12.274904,1000,639.90193
58.70733,1000,648.81014
40.485975,1000,656.904088
-50.275533,1000,666.27088
0.264096,1000,672.003935
42.271033,1000,680.785271
-79.828461,1000,688.714791
-65.601429,1000,695.002783
-46.101905,1000,702.125234
-71.027912,1000,709.296076
-39.065762,1000,715.893887
-138.117456,251,716.906557
-72.968502,1000,724.403144
-16.681868,1000,731.143841
-73.640625,1000,740.068992
-235.330946,853,746.739395
-183.630314,1000,756.386713
-37.982002,1000,765.139883
-25.535434,1000,774.180884
89.093228,874,779.294285
-124.867221,303,780.871617
-123.36344,244,781.845592
-54.796147,1000,789.548669
-66.231754,509,792.692016
-168.04318,555,795.895686
-172.752554,1000,803.051551
-69.826884,1000,812.150072
205.935679,483,815.226139
178.823512,490,818.442679
13.060856,1000,828.072588
170.544773,592,832.018682
-27.217676,1000,842.098395
22.995523,1000,850.617323
220.527082,703,855.912233
18.364222,1000,865.563616
146.569073,470,868.467323
9.130049,263,869.999839
-31.785929,489,873.06567
183.190943,786,879.063065
-65.018351,579,882.092681
178.634018,821,888.702693
144.67184,777,895.106068
139.46049,478,898.144323
166.488441,788,903.069626
206.960757,876,909.904827
151.3574,585,913.121298
23.178402,1000,922.154057
157.320078,803,928.650704
-18.524882,1000,937.216327
-47.312902,1000,943.260052
-79.542459,298,944.643642
-192.261529,990,951.597963
-8.325538,1000,960.39865
0.902163,1000,969.864599
-9.304282,1000,977.721564
2.093847,1000,985.571586
-20.51366,1000,992.711274
-80.254152,1000,1000.974333
-12.319291,1000,1009.56054
-44.795918,1000,1019.106423
-38.646458,1000,1028.11226
21.799061,1000,1035.154582
-58.574536,1000,1042.307365
22.116697,1000,1048.691205
19.896335,1000,1056.653775
-57.376082,1000,1064.017576
-23.127948,1000,1072.12352
-3.607447,1000,1080.053223
-4.271102,1000,1087.730349
-2.923363,1000,1094.07398
-24.195886,1000,1101.673502
-51.132473,1000,1108.087018
211.942845,664,1113.104284
14.941268,1000,1122.133223
-0.457602,1000,1128.074254
-55.894917,1000,1136.410016
-41.591381,1000,1143.295594
-49.267472,1000,1149.393664
-46.518646,1000,1156.582918
-64.337018,1000,1162.162098
-93.918797,1000,1168.807186
-44.709209,1000,1174.008153
-15.138768,1000,1179.890366
-81.958815,1000,1187.341949
-45.897223,1000,1193.175676
23.30097,1000,1201.520943
-63.718087,1000,1207.060123
-40.098414,1000,1213.960351
-55.510067,1000,1220.555902
-78.869285,1000,1226.412516
13.106154,1000,1235.285393
-4.397889,1000,1244.855993
-0.091659,1000,1251.030867
163.052921,938,1258.036798
-46.032093,1000,1264.886493
238.213415,754,1269.91374
223.825086,357,1271.716453
-71.090459,1000,1280.954299
302.318255,313,1282.468365
-59.132944,1000,1288.909409
111.372607,1000,1296.74093
-40.7331,1000,1302.76719
258.895252,395,1304.972578
260.265474,492,1307.974178
-99.771759,1000,1314.765392
-181.84545,900,1321.398955
-18.740176,1000,1329.54439
21.115907,1000,1338.434552
26.403986,1000,1345.968508
-35.290667,1000,1353.690495
274.603989,413,1355.898352
7.534555,1000,1364.114279
-5.07771,1000,1371.479136
-87.921749,1000,1377.537227
171.574739,781,1383.666844
179.008742,667,1387.954605
-50.699111,1000,1396.433577
266.446814,218,1397.543045
231.762496,358,1399.516579
-106.57682,1000,1407.489992
238.976976,245,1408.480905
-45.001316,1000,1415.123072
-0.475594,1000,1422.072313
-23.675374,1000,1430.829288
-14.281225,167,1431.742644
169.022798,276,1433.281762
-59.028581,1000,1439.898339
233.307449,308,1441.607869
190.893069,336,1443.361117
212.167488,645,1447.365176
195.946885,733,1451.669432
187.996923,520,1454.521777
261.283058,237,1455.81548
145.375232,706,1460.997837
157.249302,727,1465.01874
225.246774,391,1467.09698
237.565494,385,1469.326043
208.555816,437,1471.619004
252.316084,361,1473.734626
229.977691,299,1475.223802
223.053445,443,1477.790815
212.19801,220,1478.809728
-2.517949,170,1479.635401
253.860845,295,1480.924748
211.936419,282,1482.519079
277.930953,353,1484.242153
232.021861,266,1485.628264
173.078312,614,1488.97256
178.172079,520,1492.044264
16.711842,219,1493.407816
231.181051,268,1494.524159
187.149353,508,1497.056075
184.857895,473,1500.021053
183.349111,543,1503.598819
264.421447,404,1506.290992
121.510372,916,1511.719143
278.391215,462,1513.970215
278.250848,392,1515.936427
268.256217,429,1518.516308
200.785493,494,1521.268675
208.744914,529,1524.636455
265.817894,386,1527.023588
222.934307,496,1529.841449
265.489162,433,1532.372407
209.128786,557,1535.601549
157.853157,655,1540.19472
211.115435,522,1543.23917
258.860302,527,1546.61642
226.623598,578,1550.004356
303.561893,199,1550.88769
162.357612,656,1555.615047
205.491294,579,1559.130373
294.961708,230,1560.05185
268.693216,214,1561.084716
165.487975,686,1565.361862
307.281562,210,1566.367267
206.323543,666,1570.315645
189.903716,720,1575.064786
279.515057,318,1576.596154
256.701825,340,1578.290846
240.712574,593,1582.053324
247.864385,449,1584.75575
201.937314,666,1588.518259
250.198379,446,1590.764437
222.299994,635,1594.534233
176.553468,776,1599.042559
289.203189,278,1600.483534
157.575843,960,1606.106543
147.941454,897,1613.028781
148.394464,883,1619.924523
219.358171,341,1621.853704
265.991481,252,1622.821529
181.018555,577,1626.359468
291.00369,260,1627.803087
240.597486,435,1629.76796
245.452374,260,1631.298758
180.014652,424,1634.00161
281.983923,215,1634.950968
219.064701,357,1637.333302
295.666934,221,1638.347945
299.585205,239,1639.56775
307.775054,226,1640.598147
232.899992,259,1642.179302
155.674284,522,1645.598792
206.08143,345,1647.743404
309.872789,266,1648.848377
181.221917,395,1651.281776
220.59144,332,1653.27874
192.396386,337,1655.136904
297.334762,234,1656.269524
220.441972,290,1657.760265
266.091019,264,1659.294751
218.524077,230,1660.335921
262.365226,633,1663.874738
236.888144,299,1665.529539
275.975941,264,1666.902531
241.125791,245,1668.405071
284.316846,237,1669.398328
54.190728,129,1669.894298
271.923182,211,1670.921253
222.764457,222,1672.334642
286.212871,250,1673.381334
218.87588,281,1675.009586
258.574195,451,1677.508264
251.658317,232,1678.849946
247.8213,253,1680.027777
265.488599,248,1681.375531
240.45068,249,1682.374675
296.447605,283,1683.927383
224.17867,378,1686.218776
280.439566,257,1687.291374
223.309484,292,1688.767305
269.509381,275,1690.377783
261.643888,300,1691.811114
235.869385,232,1693.041128
274.57043,268,1694.422315
276.516966,287,1695.985147
263.772758,301,1697.443924
275.459718,306,1699.144609
263.274743,302,1700.630032
282.894,276,1702.147993
253.159406,223,1703.064621
272.498987,324,1704.661486
268.506132,283,1706.269979
208.83823,379,1708.545184
239.595197,308,1710.051369
261.392395,289,1711.693332
239.407815,296,1713.189266
273.511121,376,1715.492557
251.280583,281,1716.667839
246.973396,299,1718.348268
289.261348,331,1720.360761
246.259933,351,1722.215121
271.643216,291,1723.814749
209.614395,263,1725.291483
215.144138,385,1727.566507
24.045351,164,1728.092085
297.143768,314,1729.686051
119.466597,769,1734.611263
199.604624,509,1737.822871
163.486261,733,1742.193747
143.176412,554,1745.974733
-56.824589,381,1748.127357
130.613005,1000,1755.469877
208.208882,468,1757.47673
279.46596,268,1758.977603
11.371238,140,1759.756133
236.309181,451,1762.105248
196.361249,499,1764.981786
275.607541,250,1766.356629
177.066511,521,1769.261516
237.699867,253,1770.308315
263.20358,276,1771.957095
179.081831,326,1773.655624
163.730626,488,1776.099008
221.491898,253,1777.646591
183.049219,440,1780.309116
280.564376,263,1781.771019
-18.756914,200,1782.674085
246.217649,283,1784.280208
242.480392,183,1784.878664
257.045715,337,1786.999598
-75.416311,1000,1795.390723
246.563336,223,1796.3995
225.153202,207,1797.386895
-51.602465,151,1798.339067
306.111676,218,1799.325661
308.475013,215,1800.281771
285.823144,207,1801.400951
254.581287,206,1802.359784
308.527111,246,1803.315577
223.662993,196,1804.425565
34.297514,195,1805.320462
240.150723,217,1806.602541
246.788348,241,1807.804072
275.548105,203,1808.76679
210.445188,229,1809.786783
22.989493,183,1810.837341
228.691519,241,1812.227701
228.038639,181,1812.813762
207.906172,209,1813.906166
284.473255,259,1815.418318
259.754513,196,1816.513485
199.054091,250,1817.595462
254.749262,192,1818.541088
212.353997,228,1820.022731
236.697024,238,1821.126971
238.313261,210,1822.071331
282.174059,222,1823.231101
280.850802,205,1824.281788
234.511651,191,1825.270569
285.941441,279,1826.906357
284.44529,245,1828.264202
253.974314,204,1829.345367
202.227698,282,1830.506929
230.925474,190,1831.469314
194.84473,231,1832.914025
225.722048,214,1833.889953
232.325618,202,1834.979323
226.705268,253,1836.085036
220.289578,213,1837.079103
300.343455,248,1838.541564
285.650566,250,1839.548452
277.498196,331,1841.654152
277.565694,229,1842.60161
238.214479,198,1843.654521
279.953967,215,1844.631367
233.589074,239,1846.129652
273.504282,215,1847.111643
229.60334,212,1848.043548
269.650291,490,1850.481259
209.113148,270,1851.490089
304.324099,217,1852.879001
307.908592,220,1853.839362
-0.300475,123,1854.292664
256.264957,210,1855.389133
192.265005,438,1858.390094
222.07731,237,1859.41767
226.854441,213,1860.461828
243.959752,328,1862.14524
210.995218,335,1864.275545
300.053866,281,1865.516078
221.10645,245,1867.065838
302.951967,225,1868.010148
242.657503,649,1871.524957
207.649887,272,1872.790833
252.693833,217,1874.038937
242.680638,261,1875.059835
256.752625,200,1876.112934
216.253686,215,1877.138257
257.956882,229,1878.543474
243.829544,215,1879.481625
285.595165,604,1883.126623
242.623468,282,1884.520236
298.677607,231,1885.694496
233.094337,238,1886.821705
215.972996,334,1888.901683
265.775036,212,1889.872993
277.83848,239,1890.89752
228.20192,249,1892.518676
241.194786,227,1893.55383
-28.639753,165,1894.409376
301.837109,244,1895.587268
217.090651,691,1899.213987
227.259627,228,1900.163046
211.513388,806,1904.956134
285.999915,277,1906.328206
302.433029,235,1907.455531
299.336339,226,1908.687392
251.939676,525,1911.883347
291.787983,243,1913.033536
235.798799,419,1915.535198
202.966057,226,1916.971448
216.778487,284,1918.673587
227.013694,242,1919.623961
229.417505,304,1921.262027
188.997265,683,1925.751075
221.560524,288,1927.36808
301.013945,232,1928.307313
288.1079,224,1929.320109
293.273167,223,1930.729069
21.581076,118,1931.204619
210.248749,257,1932.446937
220.313518,275,1933.8706
223.100093,264,1935.35663
22.721779,211,1936.379305
199.481776,400,1938.708396
240.195587,227,1939.722604
299.512999,204,1940.667446
302.733919,194,1941.73537
208.686303,374,1943.852171
218.747501,278,1945.481234
239.69634,273,1946.609882
294.058122,189,1947.682263
203.046061,457,1950.701191
290.737659,200,1951.624479
26.548689,207,1952.575829
205.772659,335,1954.54536
246.604779,277,1956.002897
224.649569,679,1960.07031
311.082196,241,1961.059771
218.495979,216,1962.061393
272.362549,218,1963.141917
302.19024,210,1964.390876
219.192816,471,1966.616276
253.332276,204,1967.508466
231.110499,293,1969.067357
199.045268,848,1974.389863
203.824101,388,1976.580641
253.614109,193,1977.714359
271.157797,192,1978.323117
235.556858,281,1979.749328
297.507247,227,1981.237477
213.013203,449,1983.917935
204.972761,673,1988.308666
9.191408,298,1989.945641
289.465859,238,1990.905612
279.510632,234,1992.020976
170.899989,881,1997.476643
217.929575,393,1999.78948
228.109203,393,2002.054543
232.022728,472,2004.994211
309.528055,249,2006.050589
218.262573,470,2009.094318
276.561736,244,2010.354455
213.426115,523,2013.877991
167.158106,384,2016.183172
286.306439,246,2017.244338
171.040899,747,2022.52633
241.19637,214,2023.821466
195.099043,359,2025.845834
22.424197,193,2026.769156
253.580541,246,2028.321215
267.820458,289,2029.823118
270.062214,393,2031.89339
262.330158,408,2034.816585
206.8212,356,2036.431902
-7.256,1000,2044.494434
196.238841,647,2048.427354
246.778272,259,2049.655644
210.294476,314,2051.182481
242.170931,224,2052.431797
188.604036,299,2054.210696
190.728015,372,2056.045637
153.494134,407,2058.023556
286.9875,320,2059.796771
261.595983,268,2061.312023
166.173245,369,2063.660711
212.18332,277,2065.108267
255.539744,274,2066.40772
280.731842,204,2067.377006
43.180426,195,2068.268578
168.949549,335,2070.336906
238.48761,356,2072.154249
24.869673,149,2072.986969
279.564421,264,2074.009616
263.77408,230,2075.555181
262.886134,217,2076.488039
201.621994,448,2079.225243
9.662948,141,2080.012484
289.364742,220,2080.955011
187.400423,303,2082.665985
160.995145,379,2084.969632
284.671384,189,2085.908641
114.412976,511,2089.186332
288.949061,298,2090.667776
202.16257,430,2093.086121
203.491985,868,2098.019605
292.08855,237,2099.01439
11.449848,146,2099.824113
213.813713,456,2102.355489
248.449637,345,2104.405909
206.688213,297,2105.87276
229.945135,431,2108.05133
251.782554,220,2108.995087
295.521436,262,2110.499924
217.251044,278,2111.616256
306.875934,245,2113.132373
1.584191,1000,2119.611917
204.128122,284,2120.986698
200.907113,364,2122.899798
254.282834,228,2124.193454
295.034208,258,2125.422819
247.175595,262,2126.814941
284.90286,275,2128.4148
257.652356,190,2129.323798
273.02155,253,2130.368682
300.361637,280,2131.93733
-33.359235,182,2132.790421
220.950687,344,2134.730548
246.411192,220,2135.657408
277.29429,281,2137.324724
226.369804,517,2140.502276
196.684814,286,2141.947381
223.377776,206,2143.013264
233.330435,658,2146.919713
-10.314784,126,2147.368832
207.811282,459,2150.223402
287.171869,289,2151.67729
273.815822,273,2152.779454
259.943553,268,2154.313986
251.72458,225,2155.347926
285.703527,251,2156.778159
278.482803,307,2158.415775
255.803731,231,2159.35452
216.273643,343,2161.513325
278.451722,292,2162.601295
292.067851,277,2164.192811
205.40399,391,2166.54258
4.34446,168,2167.3936
-40.18535,325,2168.84692
217.923481,369,2170.829061
208.872733,202,2171.767588
280.468701,314,2173.524061
217.06587,465,2176.377365
257.29174,226,2177.373591
227.585598,310,2179.185007
0.609205,125,2179.665503
271.279382,203,2180.594138
222.072309,210,2181.665384
271.872786,224,2182.999729
-22.529777,426,2185.17872
219.054249,502,2188.660222
251.922329,201,2189.577531
216.611756,241,2190.719386
-16.275819,447,2193.489511
310.515606,297,2194.947507
286.875868,256,2196.035563
105.170806,869,2202.22577
276.149479,408,2204.296901
148.062611,526,2207.355148
232.611687,301,2209.032287
245.117588,220,2209.965248
229.546288,170,2210.998312
71.157776,1000,2216.595577
-6.477316,1000,2224.341115
270.672147,167,2225.413947
282.853874,193,2226.35346
282.928947,235,2227.312147
250.740159,394,2229.603201
274.080277,208,2230.524768
281.428496,226,2231.591591
-117.168794,757,2236.163056
256.122399,482,2239.094095
258.607261,210,2240.132712
245.878105,494,2242.892058
253.197032,294,2244.327175
255.369624,172,2244.860041
294.123334,222,2246.28336
236.239491,321,2247.691509
265.630782,260,2249.27027
258.941275,454,2251.886783
215.573109,624,2255.53254
296.272081,218,2256.470085
240.325853,281,2258.10251
204.28671,215,2259.081883
292.946193,247,2260.574
258.563825,199,2261.528095
223.74754,435,2264.049103
240.259425,203,2264.983857
280.047765,208,2265.94054
137.574871,1000,2271.080826
284.990399,225,2272.512155
287.894743,242,2273.459069
236.559557,251,2274.698335
221.815309,310,2276.496011
114.593719,825,2282.021085
290.312198,325,2283.903888
1.799619,95,2284.399237
236.347403,275,2286.284196
208.938344,195,2287.381548
250.271833,544,2291.840238
295.909391,260,2293.63002
207.174083,199,2294.744378
239.676175,246,2295.919505
278.000171,263,2297.808895
257.961647,367,2300.199125
130.250674,632,2306.050552
259.924989,287,2308.108058
188.512579,711,2313.054199
211.219289,303,2314.907
-15.20682,225,2316.302491
206.977951,868,2324.426064
209.205321,223,2325.625946
19.650817,208,2326.749646
190.035863,822,2334.575735
242.890628,355,2337.222063
241.857975,324,2339.168483
226.929889,659,2344.730715
221.675219,423,2348.002524
260.96152,269,2349.731575
218.37056,446,2352.837901
249.462911,369,2355.34013
294.413857,311,2357.09605
259.107782,222,2358.375283
272.43993,214,2359.678073
243.480362,206,2360.826232
293.641924,297,2362.711528
214.269892,319,2365.006467
256.915141,571,2368.709238
255.301884,275,2370.574131
282.416422,276,2372.161648
100.722273,1000,2380.25068
248.722116,358,2382.56361
298.750317,266,2384.169375
289.274056,274,2386.171216
188.779096,229,2387.522921
255.657157,206,2388.88073
244.572109,530,2392.902087
278.770227,197,2393.98578
251.332753,195,2395.027544
250.87596,182,2396.06721
261.438061,195,2397.407603
236.301233,563,2400.824634
223.976572,287,2402.785783
220.675415,526,2406.251632
226.233569,255,2407.583213
275.804437,258,2409.277084
256.486764,229,2410.656267
294.403535,308,2412.382894
-19.117341,132,2413.314559
279.909539,278,2414.827246
267.880278,473,2417.602024
282.931003,360,2420.349142
230.8576,275,2421.679388
258.39461,515,2426.412803
275.178916,233,2427.832026
237.409747,447,2430.704761
257.783536,207,2432.331878
158.180613,471,2435.209507
246.766972,564,2439.093744
220.013103,186,2440.167099
241.753293,293,2441.887039
261.383955,286,2443.824595
254.118245,177,2444.47
17.127883,135,2445.369312
257.64121,303,2447.285178
239.421453,306,2449.11843
245.63723,314,2451.143187
-46.12286,164,2451.800396
251.145201,363,2454.121494
292.413802,212,2455.436396
234.564482,268,2457.135018
258.17514,444,2459.938338
226.753473,175,2460.977503
301.171369,222,2462.151529
227.314962,191,2463.375211
278.660126,183,2464.451944
282.477505,373,2467.26499
263.116872,213,2468.405488
257.246593,239,2469.666989
208.058583,257,2471.560335
193.131254,233,2472.793646
281.469414,206,2473.874009
232.17726,335,2476.345176
250.34261,512,2480.006629
242.346445,232,2481.242557
288.575137,212,2482.586615
284.944552,476,2486.258926
290.433054,184,2487.288377
254.034964,177,2488.289238
311.15616,239,2489.406713
289.508821,208,2490.690535
264.003171,198,2491.752004
308.997213,230,2492.827704
243.41953,211,2494.128745
244.539787,209,2495.600463
-10.784934,154,2496.257686
276.613874,197,2497.330588
288.55492,173,2498.535586
-49.0561,206,2499.606314
296.36881,212,2500.709488
268.529923,203,2501.734778
4.374716,178,2502.884805
244.208503,168,2503.53049
-22.016984,153,2504.512049
170.880327,790,2510.848037
288.602893,173,2511.861437
250.894432,516,2515.885044
130.440976,823,2522.816927
-3.587139,1000,2531.160093
259.564219,168,2532.188963
263.170441,176,2532.897726
246.334044,194,2534.190684
277.204212,164,2535.221043
-9.193633,89,2535.72927
270.870376,181,2536.77864
263.603131,153,2537.433881
258.251994,220,2538.845285
0.194842,144,2539.834269
13.83601,111,2540.387977
25.686467,124,2540.954268
256.438998,177,2542.25326
-11.361624,1000,2552.285216
27.145282,136,2552.862205
229.278047,268,2554.689996
289.416669,200,2555.736464
-43.316887,743,2561.052439
261.260345,251,2562.805523
15.389573,150,2563.400531
225.331481,197,2564.451924
271.761236,158,2565.631384
196.980198,300,2567.462367
225.493118,236,2568.744569
245.326894,169,2569.959267
242.208112,172,2570.957249
279.259214,190,2572.000902
283.265085,146,2572.634523
290.172398,196,2573.914805
274.655986,173,2574.906375
296.801943,189,2575.958256
145.304284,600,2580.197287
-30.075955,137,2580.963235
292.6744,184,2581.990772
264.164418,173,2582.990245
245.111401,167,2583.676179
223.87957,199,2584.975403
229.539774,209,2586.052831
181.168539,543,2590.22468
287.906994,169,2591.284337
249.213332,179,2592.178048
275.032058,181,2593.211697
-11.608641,317,2595.10392
218.235687,239,2596.838741
184.292799,346,2598.611734
210.290191,502,2602.198558
270.095316,148,2603.257744
236.979043,306,2605.018186
220.649763,212,2606.124964
291.69801,291,2608.039257
291.439367,187,2609.081019
294.582389,177,2609.749689
131.265875,364,2612.351659
245.941332,434,2615.400307
217.982755,484,2619.093828
208.142117,217,2620.360733
269.12992,184,2621.459188
224.070972,494,2624.623909
240.589544,151,2625.624646
259.030541,220,2626.691154
255.793075,405,2629.514692
234.980464,551,2633.263833
270.142219,147,2634.222205
278.385198,174,2635.227322
285.771251,193,2636.428859
260.939246,411,2639.029381
277.76192,172,2639.844499
36.328438,112,2640.791966
245.398256,170,2641.470546
246.785593,161,2642.435871
283.433852,197,2643.48412
252.427614,301,2645.570915
264.612438,220,2646.685036
278.270554,278,2648.554828
260.35936,191,2649.575428
276.931418,167,2650.224346
265.018247,459,2653.233832
229.964925,642,2656.998505
224.790618,548,2661.085811
274.264809,162,2661.717714
241.799977,251,2663.585659
287.131097,165,2664.630213
246.117367,181,2665.351662
41.250934,121,2666.279539
11.586036,160,2667.071612
273.622006,203,2668.20053
221.366418,505,2671.789694
262.70719,203,2672.92109
252.563247,200,2674.09308
286.564705,345,2676.738351
275.768748,309,2678.826316
243.351924,173,2679.927892
284.077448,173,2680.64094
256.739526,184,2681.974301
198.185874,745,2689.124254
268.397716,157,2689.944642
253.970796,180,2690.985992
225.682923,676,2697.506838
271.057485,231,2698.746192
222.745485,517,2702.725725
269.754936,231,2704.678511
272.045142,235,2705.924254
288.06062,274,2708.011174
238.013245,159,2708.6993
261.436852,214,2709.980057
248.71256,220,2711.88097
266.196136,203,2713.068159
258.683441,493,2716.598711
260.463431,485,2720.530268
289.723369,249,2722.423741
293.344866,243,2723.68929
257.322833,237,2725.517638
300.029718,186,2726.606335
278.75425,319,2728.539785
232.736215,207,2729.802978
226.239499,240,2730.945039
262.72833,354,2733.468359
259.223915,202,2734.562971
274.828456,220,2735.746548
272.826176,210,2737.052504
244.172157,447,2740.202266
6.482075,122,2740.960915
243.914381,241,2742.231122
252.224531,197,2743.300414
243.769043,585,2747.269008
245.139704,204,2748.565168
-53.876076,317,2750.352023
246.177608,276,2752.283173
211.003933,720,2757.870791
255.83855,426,2760.748685
237.623025,339,2763.468334
271.454313,338,2765.530426
247.826736,290,2767.625466
244.400784,265,2769.261487
276.790655,498,2772.597909
204.695018,837,2779.006497
204.365185,728,2784.026757
247.04284,166,2785.241708
301.628007,215,2786.430693
244.563527,252,2788.088228
270.332489,267,2789.694747
123.313504,853,2796.843501
272.51483,177,2797.895695
-71.566905,573,2801.480444
217.655767,534,2806.063282
220.549984,489,2809.697488
242.950346,255,2811.207086
280.851567,235,2812.903392
-77.077458,349,2815.113237
39.191156,228,2816.299026
-20.670984,127,2817.243213
40.907816,263,2818.758782
294.323888,308,2820.525535
251.886891,474,2823.83746
242.723454,239,2825.130728
252.869782,231,2826.878025
283.26625,181,2827.992978
264.324511,192,2828.693331
282.659606,528,2832.596153
-20.504898,195,2833.943742
226.637188,280,2835.301394
259.576282,238,2836.893536
278.356994,490,2840.038889
-1.735555,152,2840.672816
4.441008,163,2841.831864
273.02771,181,2842.894267
272.929718,157,2843.486736
256.199446,183,2844.472516
259.756552,253,2846.210236
218.125713,222,2847.318718
257.238643,188,2848.355929
221.455663,497,2852.094471
253.430385,169,2852.964964
264.192753,251,2854.599838
251.120342,363,2857.316725
235.676295,268,2858.67734
289.189603,212,2859.793876
255.582375,159,2861.007149
275.045912,233,2862.136423
271.661097,235,2863.624928
258.647342,166,2864.456641
254.822959,416,2867.037046
256.936711,159,2868.217769
263.32981,239,2869.505546
244.13071,200,2870.590571
271.485509,202,2871.72284
229.197437,299,2873.711066
248.184015,190,2874.783692
247.575933,172,2875.720211
283.8449,272,2877.563835
261.887987,307,2879.301115
273.022735,202,2880.587253
-69.460427,691,2887.203048
200.171786,638,2891.407824
231.240193,235,2892.991094
244.334925,534,2896.553124
220.362846,446,2900.014381
258.982484,174,2901.243648
259.073137,670,2905.810439
278.581589,186,2906.940996
301.767148,198,2908.055764
276.097669,177,2908.983706
249.08518,176,2910.035714
276.842192,172,2911.07708
273.946543,193,2912.34595
277.442417,169,2913.058859
275.427172,171,2914.101955
260.271828,476,2917.823812
280.008037,153,2918.464595
272.046874,201,2919.667909
279.644998,194,2920.924017
262.24753,161,2921.900672
276.159133,232,2923.043027
273.177293,222,2924.693315
241.850393,183,2925.374856
238.859017,236,2927.162449
306.123529,182,2928.233707
261.272053,209,2929.31153
273.510863,149,2929.924487
282.159155,163,2931.094163
264.873731,183,2932.137363
240.945998,178,2932.781638
265.086968,164,2933.816825
261.954838,172,2935.082121
254.426031,179,2936.161027
277.564242,201,2937.247605
275.492391,174,2937.937823
261.163767,174,2939.18145
285.627469,232,2940.3864
255.890309,193,2941.472786
292.711185,229,2943.240541
263.15243,179,2943.948662
244.495903,362,2946.611011
251.242151,240,2947.832676
223.892679,833,2954.189005
307.214506,207,2955.51991
276.579991,225,2956.721877
249.9515,577,2960.682775
259.241221,194,2961.781233
268.946644,217,2963.144592
277.826785,202,2964.269925
248.068363,195,2965.339581
286.739756,213,2966.714592
238.38663,187,2967.789062
251.776264,786,2973.441298
307.201421,239,2974.910785
300.539455,207,2976.072907
242.143186,210,2977.192505
292.050219,324,2979.740838
239.133363,357,2981.597381
308.499722,241,2983.437775
266.587424,199,2984.601859
74.405426,1000,2995.20998
262.370898,200,2996.341953
259.775506,182,2997.128078
269.327399,177,2998.327559
245.114957,195,2999.429222
256.330783,195,3000.544394
268.580893,190,3001.862436
285.259627,198,3002.954566
294.304808,189,3004.078736
253.760622,193,3005.44635
241.932902,202,3006.56638
274.941604,223,3007.756288
271.80729,216,3009.169967
295.866677,216,3010.448633
262.343382,229,3012.075415
245.592737,255,3013.590937
268.296311,208,3014.754189
287.83277,305,3016.645804
257.259401,192,3018.020599
270.898957,219,3019.230112
246.844311,264,3020.906852
255.894854,188,3022.224347
258.285871,179,3023.263151
312.670668,227,3024.444016
261.773838,247,3025.830562
255.872441,171,3026.895665
253.751939,170,3027.935315
255.008607,171,3028.990831
288.776077,219,3030.335353
302.755416,206,3031.51462
294.252288,297,3033.466862
289.862151,189,3034.61777
265.020634,184,3035.310604
222.257508,409,3038.887035
292.303391,197,3039.998756
233.994534,722,3045.377551
267.660374,210,3046.464012
268.930933,207,3047.648233
239.37068,303,3049.775581
306.522541,212,3050.946186
268.573433,198,3052.237576
276.858552,185,3053.305903
271.67008,188,3054.414968
254.782373,201,3055.559598
281.449722,194,3056.881421
291.322812,212,3058.003313
290.116339,285,3059.633762
255.588808,338,3061.746238
281.423707,276,3063.459661
255.956227,198,3064.734887
267.013754,233,3065.887642
252.080093,172,3066.861694
258.836891,183,3068.10085
282.575556,187,3069.285208
207.729767,541,3073.063313
279.455668,308,3074.891721
260.956343,210,3076.2457
252.213213,214,3077.377466
293.32144,233,3078.985233
262.600165,191,3080.246163
43.723061,211,3081.361006
249.024742,188,3082.363298
294.89584,255,3083.806082
265.229548,181,3084.84956
290.199042,221,3085.968725
286.01904,184,3087.047357
281.227325,261,3088.796627
261.347248,171,3089.395761
273.241418,216,3090.509654
233.388235,234,3092.208535
282.324269,239,3093.415602
261.404624,201,3094.689908
261.62829,197,3095.735258
256.041592,188,3096.803182
260.321157,186,3097.868671
266.273237,205,3099.250981
271.145063,193,3100.305272
264.835547,213,3101.425561
285.275018,258,3103.344239
286.602204,177,3104.05118
282.935087,195,3105.180828
267.743967,232,3106.997456
286.614386,232,3108.132977
277.833502,204,3109.391342
262.549067,198,3110.435208
261.610773,235,3111.613846
242.570859,212,3112.731074
293.297968,297,3114.856217
263.83799,235,3116.435189
302.473116,234,3117.963213
275.799405,173,3119.036004
274.882249,226,3120.314589
292.5818,217,3121.656476
273.418709,176,3122.690817
272.510479,221,3123.890451
260.007553,259,3125.693101
308.669067,298,3127.534903
256.22281,167,3128.211936
273.213454,484,3131.671501
241.668537,177,3132.705713
270.988266,191,3134.013355
279.912501,195,3135.082432
277.551901,211,3136.231631
264.310261,196,3137.40143
258.489609,238,3138.682581
276.661269,245,3140.412336
263.142862,174,3141.680059
268.128503,433,3144.365506
254.266944,190,3145.621408
255.996937,248,3146.810968
255.808268,234,3148.351296
275.40616,219,3149.572464
275.119848,252,3150.866138
258.584773,174,3151.930938
259.106823,214,3153.060215
255.50271,192,3154.344711
252.360536,206,3155.488908
267.206657,218,3156.661923
268.507773,541,3160.930102
298.031757,233,3162.326219
264.205596,201,3163.397103
258.501517,195,3164.478586
278.671553,237,3165.973055
264.214043,248,3167.627842
291.678304,224,3168.841314
288.268193,168,3170.071332
245.436062,393,3172.781479
284.268762,179,3174.081588
296.288412,204,3175.242165
276.208325,166,3175.911991
273.991339,224,3177.05485
274.327827,212,3178.773347
269.735899,205,3179.846958
273.845564,232,3181.166837
273.848554,226,3182.362582
263.755865,219,3183.43212
244.430269,473,3187.06325
279.567361,227,3188.19055
304.433684,254,3189.988445
308.962001,194,3191.101231
288.462787,221,3192.436024
285.599849,239,3193.692648
240.309128,207,3195.147149
280.797114,224,3196.471692
284.429655,222,3197.617709
286.039574,191,3198.697586
292.75995,247,3200.068795
270.615476,210,3201.4638
288.514471,184,3202.098913
263.873336,200,3203.130125
268.043932,180,3204.310105
295.691776,240,3205.846957
267.393145,227,3207.200371
299.548062,191,3208.281608
263.152736,194,3209.283517
241.039838,207,3210.407016
279.661574,233,3211.807388
250.215237,192,3212.929054
276.701233,213,3214.049446
69.227954,165,3215.070573
276.091697,213,3216.463255
265.573137,199,3217.670236
291.797165,234,3218.898175
294.298045,289,3221.062668
269.935724,220,3222.272274
285.541687,248,3224.200703
304.228266,258,3225.562313
255.857719,187,3226.719596
295.847823,260,3228.748784
290.25063,174,3229.857485
286.292264,236,3231.124719
250.266904,440,3234.229939
249.215204,469,3237.858005
281.390212,193,3239.056261
272.286009,193,3240.481338
280.681726,204,3241.729469
255.741326,211,3243.025866
284.838756,212,3244.49374
264.704689,485,3248.285133
276.973777,243,3249.538226
291.44153,196,3250.655467
266.461267,185,3251.814537
280.293141,178,3253.021016
297.640035,238,3254.255009
258.718302,203,3255.345099
275.383717,220,3257.082601
261.152063,202,3258.200225
277.585851,195,3259.295236
278.505521,183,3260.191667
276.781303,218,3261.583712
288.336123,175,3262.205681
240.488322,193,3263.370509
262.280767,190,3264.667483
264.406494,175,3265.733169
264.288916,185,3266.777152
189.849621,697,3272.061262
300.165267,236,3273.353805
296.17055,255,3274.910237
281.905522,216,3276.166799
289.660505,255,3277.365061
273.940259,209,3278.458801
270.371765,192,3279.716206
263.541587,220,3281.188804
250.978091,211,3282.245076
264.743039,181,3283.485418
273.688785,217,3284.668094
281.658558,218,3285.831113
253.11109,191,3286.990059
253.847881,192,3288.187466
265.211365,324,3289.990704
295.734325,213,3291.274044
282.137773,175,3292.287579
264.01426,593,3296.356767
244.834013,201,3297.478737
269.344429,207,3298.825674
238.404941,205,3299.914875
279.184431,387,3302.505141
302.076944,239,3303.699023
251.765447,218,3304.820164
271.774213,262,3306.598986
257.107229,245,3307.817049
291.430395,199,3308.882408
293.23435,222,3310.398096
271.562717,242,3311.822641
234.096304,249,3313.501564
278.531561,201,3314.623113
237.471539,250,3316.15745
288.089419,228,3317.281125
293.331657,208,3318.491833
264.42567,209,3319.911697
276.215156,203,3321.47453
245.345456,242,3322.786309
273.954056,229,3324.226083
262.420347,263,3326.013914
267.742594,264,3327.436196
251.335326,240,3329.357123
233.923694,244,3330.701261
290.546992,252,3332.412525
284.431077,203,3333.675429
230.927939,330,3335.626989
267.865612,237,3337.484977
299.256068,193,3338.187001
297.010082,261,3339.978845
303.860464,217,3341.443718
293.655298,215,3342.613003
286.977745,229,3344.135916
260.099959,272,3345.716864
258.970419,268,3347.462816
259.385763,211,3348.691684
257.985718,224,3350.115532
297.704571,175,3351.201304
285.311088,189,3352.262271
258.930092,489,3355.978115
255.009822,405,3358.851304
269.456505,258,3360.483409
278.409597,210,3361.794463
289.713633,341,3363.717322
302.295551,245,3365.462122
307.186836,326,3367.311301
233.24459,204,3368.422459
318.153253,289,3370.350614
223.476513,499,3373.829443
274.496531,203,3374.928748
290.847477,243,3376.149113
308.43117,240,3377.811068
313.640405,317,3379.736569
49.78074,175,3380.766536
280.812807,312,3382.867314
267.538795,221,3384.05623
258.374083,241,3385.283073
268.51816,181,3386.532839
254.596185,223,3387.644205
276.16745,181,3388.659934
275.947473,232,3389.751444
278.629717,241,3391.427953
274.868232,242,3392.592322
275.239156,276,3394.50595
265.617352,241,3395.660091
312.396035,243,3397.128062
310.814869,184,3398.358303
268.03009,233,3399.51995
237.404662,182,3400.498616
272.200171,242,3401.859131
278.688506,221,3402.945786
283.754669,186,3403.978637
287.927432,269,3405.730904
295.151021,185,3406.777352
264.260694,291,3408.434851
269.513412,297,3410.43042
291.730739,201,3411.505281
293.988408,220,3412.859571
270.16358,282,3414.737059
316.431262,238,3415.927769
261.634102,258,3417.703287
263.035916,315,3419.453327
254.258797,176,3420.674195
-135.61128,537,3424.783026
280.772354,178,3425.863373
292.063573,214,3427.045369
260.578223,184,3428.369846
63.059828,192,3429.484267
248.181601,222,3430.674839
322.585233,189,3432.0211
292.302235,222,3433.271581
67.696248,200,3434.408065
315.391857,223,3435.821471
286.023993,168,3436.933454
268.757969,203,3438.168039
318.296708,194,3439.514914
284.041416,198,3440.706148
293.763838,288,3442.494847
284.120881,215,3443.965541
290.92154,247,3445.258378
266.423146,236,3447.05695
273.539816,229,3448.443053
268.554496,204,3449.600068
249.750949,184,3450.67785
290.117432,200,3452.071752
285.086859,244,3453.351341
264.521437,190,3454.527409
296.6581,217,3455.97125
278.266288,229,3457.679337
266.978719,202,3458.913995
273.388055,204,3460.282759
254.852284,186,3461.450764
272.27011,209,3462.672457
243.761829,556,3466.186678
279.96145,198,3467.558721
295.076996,186,3468.692986
263.231296,248,3470.37348
280.4473,240,3471.877033
245.366366,161,3472.90284
283.287972,199,3474.069018
252.996085,200,3475.401967
297.989168,259,3476.756225
289.519618,269,3478.449304
42.2996,157,3479.330555
264.603406,165,3480.41031
282.469301,198,3481.574722
276.293832,207,3482.72205
299.915254,234,3484.499026
265.056847,325,3486.354993
261.058368,177,3487.555101
266.235571,190,3488.25257
293.876313,183,3489.311806
258.796543,162,3490.369675
191.005242,340,3492.427081
242.453695,204,3493.539523
270.928625,196,3494.787781
304.438673,219,3495.952566
238.546516,260,3497.684167
279.100087,190,3499.033211
250.998565,164,3500.033931
291.90372,220,3501.139921
251.74419,188,3502.402356
265.64579,199,3503.499237
254.09437,165,3504.13637
206.313854,476,3507.511877
280.073685,173,3508.547144
240.37541,177,3509.746823
38.921055,124,3510.329187
269.355416,200,3511.408204
254.581531,191,3512.465552
253.199363,174,3513.339625
318.539346,182,3514.433547
218.909373,180,3515.510472
255.268006,164,3516.497088
241.66446,171,3517.351332
286.452318,231,3518.900506
249.093534,186,3519.922477
275.381503,202,3521.231466
294.917829,226,3522.36295
277.981634,284,3524.13593
36.528216,149,3524.928074
73.194833,116,3525.492753
255.193798,184,3526.526332
290.788918,189,3527.637505
259.641092,216,3528.958113
277.194673,161,3529.986145
249.237535,184,3530.987863
242.771715,184,3531.995875
278.552031,204,3533.274607
290.101457,173,3533.948428
263.045437,198,3535.037387
276.929933,230,3536.798111
251.986793,502,3539.927029
296.860539,205,3541.227248
251.987706,168,3541.900738
289.749548,244,3543.453867
292.804279,216,3544.786134
256.592075,189,3545.908476
282.225088,177,3546.989096
17.337018,104,3547.550138
239.31882,374,3549.786913
293.510926,272,3551.510283
229.92003,184,3552.841816
214.841719,469,3556.253811
269.352578,211,3557.476912
236.807694,213,3558.668657
197.942108,402,3561.72238
244.938538,305,3563.810389
249.812426,174,3564.918884
-24.746142,103,3565.432668
214.765549,500,3568.959028
247.707643,204,3570.077761
295.325993,168,3570.970724
262.889647,183,3572.081694
266.096869,217,3573.241535
201.48574,538,3578.188741
244.91611,263,3579.658847
276.634562,206,3581.211437
251.491129,206,3582.591684
235.164132,176,3583.266312
270.852627,261,3585.007452
270.017076,208,3586.442276
239.157229,183,3587.696355
271.906366,218,3589.056055
264.009808,180,3590.51559
261.820689,196,3591.654184
265.329415,204,3592.90297
233.065284,587,3596.627677
270.527129,227,3597.886176
244.331385,197,3599.154357
242.328457,237,3600.486056
292.92366,211,3601.62949
229.552407,430,3604.814258
301.52931,183,3606.130036
287.273077,214,3607.30678
277.957776,228,3608.487053
247.518616,220,3609.871531
262.116864,229,3611.1084
287.048759,209,3612.602539
282.081402,202,3614.031272
276.755047,211,3615.218459
257.788946,186,3616.301287
241.531105,196,3617.625888
290.011759,216,3618.790153
300.359656,180,3619.492852
259.328324,189,3620.555446
10.042797,129,3621.765245
293.403388,198,3622.885531
239.397063,185,3623.589628
274.856258,253,3625.475419
239.700418,166,3626.545887
293.107021,202,3627.632339
234.01852,246,3629.16566
259.061029,444,3632.729384
297.668022,190,3633.843184
290.670659,225,3635.177503
288.883329,185,3636.416782
283.664539,202,3637.525788
170.720656,794,3643.729487
267.146037,179,3644.434498
286.159901,226,3646.056368
291.602392,262,3647.541742
241.754304,278,3649.315317
239.904533,240,3650.575759
301.178622,241,3652.387365
267.106656,191,3653.473567
249.36112,203,3654.588089
242.249429,230,3655.959988
244.471832,245,3657.533439
196.389916,523,3661.079171
279.419616,158,3661.682165
265.438147,241,3663.471
238.671745,221,3664.762374
309.275333,180,3665.838422
268.774763,169,3666.562804
270.910439,232,3668.359122
269.343772,171,3669.054758
303.920436,207,3670.586787
258.554741,230,3672.068338
-75.9704,1000,3680.760538
270.24404,247,3682.122921
252.446942,173,3683.416686
295.035142,193,3684.517058
189.211129,478,3688.089302
323.975044,168,3688.799298
283.884557,152,3689.821807
246.784271,188,3690.907349
256.791226,240,3692.369152
265.846493,207,3693.529318
249.015376,745,3698.870362
311.807843,229,3700.27205
248.396681,220,3701.509194
229.12228,672,3706.270554
260.559428,221,3707.737355
277.800517,188,3708.847829
281.918585,163,3709.876613
229.337759,708,3717.039461
268.319564,175,3718.099275
283.705057,157,3719.021989
284.562663,276,3720.743085
261.638849,247,3722.019953
314.548421,172,3723.371773
282.495942,236,3724.603278
318.752253,173,3725.684439
287.052253,291,3727.807205
269.961639,246,3729.029492
293.32041,268,3731.006814
265.778636,227,3732.213371
280.439943,269,3733.868396
275.958988,311,3735.977982
256.453105,221,3737.249283
299.547898,235,3739.069566
268.647022,243,3740.287194
279.392256,259,3742.041947
260.719648,166,3742.888769
300.389688,192,3744.015879
272.606432,159,3745.019316
309.681666,221,3746.20604
245.992384,232,3748.010025
246.518874,248,3749.338567
262.083859,172,3750.454075
270.486572,195,3751.697385
251.749268,264,3753.141781
284.119186,334,3755.709368
265.27934,249,3756.9867
276.757072,236,3758.179612
263.933055,330,3760.772145
291.061957,157,3761.426275
300.821378,222,3763.147991
288.571193,214,3764.317855
249.73095,205,3765.411749
324.137841,176,3766.466897
254.941354,175,3767.348489
269.881054,303,3769.133509
256.651567,331,3771.726737
257.339252,173,3772.359193
308.030949,185,3773.437007
269.918849,297,3775.329674
269.189583,451,3778.440983
311.728475,187,3779.587336
304.315633,205,3780.620845
269.555828,234,3781.791268
323.671268,170,3782.986563
244.599243,178,3783.618587
252.758157,222,3785.132556
312.66836,207,3786.465475
304.377656,193,3787.582623
283.45924,304,3789.437712
270.799653,211,3790.701516
263.797597,186,3791.779672
242.201195,177,3792.428072
272.380929,347,3794.880464
302.278501,235,3796.024307
278.308876,207,3797.150306
262.681152,168,3798.354141
264.260945,333,3800.535463
277.241141,381,3803.102074
250.247693,242,3804.655813
225.148904,231,3805.926648
244.667081,214,3807.250516
253.072017,254,3808.86604
251.953956,379,3810.910003
271.749606,172,3811.908141
241.068513,253,3813.540566
297.565516,235,3814.84694
274.997597,229,3816.120298
249.696938,550,3819.77024
39.554637,227,3820.941429
281.367919,339,3823.246422
247.437204,169,3824.321276
284.764725,185,3825.458704
269.890662,188,3826.688774
233.988651,414,3829.537218
242.125618,376,3832.442337
252.481162,372,3835.024574
253.245565,234,3836.647594
249.106812,219,3837.799703
252.236107,412,3840.777983
-54.252309,198,3842.154415
240.577414,366,3844.928595
259.579408,406,3847.813066
265.838666,427,3851.046975
5.538497,168,3852.140735
260.461966,140,3852.740999
30.203703,185,3853.87421
238.765135,277,3855.976456
253.570115,404,3859.121673
256.624814,186,3860.267485
292.590273,341,3862.356095
258.072471,303,3864.366995
236.833429,213,3865.607076
242.273423,242,3867.525478
236.852765,239,3868.81571
235.504297,274,3870.59462
36.086942,288,3872.660894
249.639485,269,3874.067892
261.58567,442,3877.395971
226.468067,215,3878.556593
30.193673,300,3880.762067
264.458124,192,3881.864019
259.859751,402,3884.713335
250.655734,213,3885.842584
247.580839,189,3887.173659
229.501443,175,3888.207149
257.578421,266,3889.437884
273.883042,229,3891.250402
278.504888,183,3891.93819
263.456031,216,3893.369958
255.645663,229,3894.574143
247.330762,192,3895.756892
261.736954,144,3896.36142
264.489571,267,3897.914108
272.135335,240,3899.276488
260.256215,194,3900.290881
244.442399,384,3902.99892
285.344153,226,3904.125281
248.334031,285,3905.945349
55.621988,273,3907.839612
266.390681,220,3909.00691
257.994665,211,3910.147055
282.870597,188,3911.462298
305.683888,222,3912.613117
314.396351,189,3913.76699
275.048063,261,3915.71395
295.035807,223,3916.865851
229.811577,199,3918.028881
286.705606,226,3919.458888
257.82207,177,3920.523486
263.966961,178,3921.585082
35.236038,151,3922.248399
276.952528,196,3923.617313
307.296621,196,3924.737916
256.819653,173,3925.778375
265.8123,236,3927.188195
277.597147,317,3929.404354
245.825285,191,3930.106913
252.364571,188,3931.431398
257.77637,221,3933.094975
267.172097,201,3934.226945
277.221945,194,3934.947041
267.938993,209,3936.610538
276.04543,217,3937.74651
237.738514,208,3938.87377
287.945728,165,3939.68165
264.209185,220,3941.279264
260.780197,240,3942.510436
303.662168,185,3943.704787
300.864867,197,3944.950278
268.554083,195,3946.036759
292.807381,237,3947.253299
251.892448,201,3948.57414
278.798678,170,3949.636405
275.858094,398,3952.178994
290.057698,195,3953.363776
239.831187,242,3954.721129
268.304613,289,3956.739718
286.739952,167,3957.78779
252.660088,194,3958.853231
295.807954,244,3960.109341
259.335222,190,3961.339488
276.330752,427,3964.398727
297.123919,239,3966.208035
265.339945,248,3967.491864
237.454019,251,3969.275111
281.028532,162,3969.909234
267.542271,194,3971.021194
13.185878,206,3972.100335
243.588161,180,3973.318828
298.874883,204,3974.471542
251.03857,224,3975.618554
232.874529,343,3978.183106
267.352923,261,3979.471931
285.831076,213,3981.030317
19.706054,228,3982.396909
244.82627,294,3984.092098
246.058597,259,3985.452567
286.563386,206,3986.685146
231.303512,218,3988.187067
256.104386,707,3993.190586
257.388469,297,3995.218071
274.562487,199,3996.336858
275.541488,369,3998.915551
280.436848,187,4000.038864
258.237434,168,4001.236612
250.530201,320,4003.23124
283.702108,210,4004.380489
232.672389,201,4005.723537
275.36724,202,4006.923586
263.926723,203,4008.038405
236.936065,252,4009.90613
260.996017,433,4012.553441
283.63753,180,4013.860415
268.882992,255,4015.589871
285.583173,216,4016.998781
270.087851,174,4017.682889
262.613011,217,4019.275051
264.642549,192,4019.99274
284.708758,228,4021.820438
286.895224,217,4022.994558
275.754917,199,4024.368089
252.60628,225,4025.571876
255.578973,268,4027.353816
272.657003,255,4028.857073
242.165964,193,4029.960006
232.580044,193,4031.080007
273.606935,212,4032.435068
256.542827,274,4034.182906
293.714173,255,4036.132389
268.422087,213,4037.274404
273.762611,191,4038.324735
227.310033,602,4042.813439
307.735439,194,4044.005027
303.974469,199,4045.156751
304.591696,217,4046.526772
282.307697,183,4047.667369
280.108682,278,4049.108632
252.409154,177,4050.383597
299.12196,228,4052.001137
268.804739,199,4052.750004
273.853554,237,4054.63291
294.734155,235,4055.880216
259.110524,159,4057.09193
268.71074,171,4058.206982
265.643789,172,4058.892503
256.633581,185,4060.006919
284.017139,249,4061.925197
247.858194,204,4063.06118
294.577791,198,4064.451932
273.887303,209,4065.664059
259.154641,184,4066.774408
262.110288,166,4067.67035
245.301473,252,4069.437167
284.949334,152,4070.060764
310.89205,302,4072.11134
269.057056,188,4073.173353
249.179555,167,4074.127251
303.904678,193,4075.419754
273.593398,252,4076.771554
265.138644,184,4077.870133
304.537691,167,4079.142225
248.708029,216,4080.334559
262.410449,240,4081.561985
255.166799,204,4082.773691
270.062993,339,4085.359573
253.206421,483,4089.423389
261.326788,229,4090.74501
196.912509,812,4100.41036
276.807978,196,4101.63066
291.013275,233,4103.077755
259.342768,173,4104.12583
222.405896,474,4107.60404
258.868667,401,4110.163291
294.306553,248,4111.479121
281.751409,195,4112.512268
277.126583,179,4113.564593
250.946165,184,4114.841504
285.272715,185,4115.946758
292.240991,249,4117.215481
287.588612,159,4118.474091
292.825739,163,4119.144344
300.160466,211,4120.308982
283.418319,189,4121.579641
275.355324,154,4122.569702
255.548459,212,4123.688492
242.472051,164,4124.674668
293.289229,244,4126.078739
265.885256,219,4127.264968
280.215635,157,4128.259539
285.377985,222,4129.658926
290.867671,233,4130.827165
259.673988,174,4131.854189
305.227758,258,4133.717264
278.515383,198,4134.81901
296.240775,213,4135.88527
263.682808,388,4138.474694
258.983504,230,4139.67583
284.404278,248,4141.586334
311.254826,210,4142.760839
312.754651,174,4143.415846
252.856876,326,4146.011361
281.076471,406,4148.979819
218.083861,255,4150.291284
262.860582,418,4152.886373
307.925447,216,4154.452651
272.601378,192,4155.195113
266.760057,228,4156.936727
311.18086,195,4158.017646
248.641846,195,4159.139635
61.452107,162,4160.000382
277.512917,219,4161.203055
277.886886,198,4162.285223
280.392043,184,4163.57603
274.335153,405,4166.219333
213.73964,209,4167.582096
264.836263,194,4168.678677
251.409503,193,4169.773283
256.83556,228,4171.534451
270.736304,237,4172.761179
278.041384,200,4174.029513
5.488012,106,4174.577367
254.233695,191,4175.66669
287.843011,204,4176.817475
284.770606,219,4178.222881
280.806605,241,4179.849159
266.125255,196,4181.027794
305.525096,204,4182.225436
3.092002,89,4182.358567
276.104969,184,4183.423073
263.43963,206,4184.772169
256.524992,178,4185.785333
247.311874,175,4186.842415
274.400651,202,4188.289652
297.183383,225,4189.549776
295.232808,215,4190.776639
282.964229,160,4191.980642
13.575833,131,4192.531886
267.783702,168,4193.560452
265.247709,176,4194.595168
285.140466,221,4195.89996
214.296406,185,4196.992793
237.319389,228,4198.134176
238.182041,296,4200.146586
-4.04497,173,4201.177718
291.078196,212,4202.298211
2.83729,92,4202.798591
266.603625,221,4204.219877
285.719137,212,4205.370072
263.481886,187,4206.451289
284.324948,193,4207.825128
277.729778,217,4209.041798
258.852767,186,4210.148638
287.305956,183,4211.454342
251.267944,229,4212.6968
310.817912,191,4213.819336
282.842516,222,4214.990267
277.759766,212,4216.354051
260.878775,235,4217.969502
284.13175,172,4218.726921
-17.095356,150,4219.961913
304.72998,210,4221.206891
321.106459,203,4222.345628
38.760587,377,4224.955455
231.335477,235,4226.187844
280.311065,170,4227.477784
-21.633752,140,4228.055251
241.670898,281,4229.825704
266.703232,199,4231.152671
258.070289,200,4232.307962
252.796969,210,4233.467511
274.056504,178,4234.800809
289.434478,193,4235.977744
250.503155,200,4237.068445
238.85948,246,4238.536499
259.77763,234,4240.2076
18.848284,139,4240.812231
281.646926,208,4242.014134
293.16491,239,4243.542638
278.913413,168,4244.605775
261.133247,358,4247.125523
275.166115,230,4248.360023
262.305613,345,4250.515621
277.828562,204,4251.629848
262.044951,213,4253.204488
289.003669,207,4254.643036
273.851432,184,4255.697571
243.300411,222,4256.955017
235.792156,244,4258.432236
249.550988,308,4260.214091
243.633695,287,4262.280091
240.848424,170,4263.317964
267.75231,241,4264.59051
290.657969,212,4265.975312
283.411004,237,4267.7129
251.77496,172,4268.418543
314.989464,237,4270.267475
237.532012,246,4271.602176
277.982814,290,4273.67817
245.827829,289,4275.577267
265.541579,266,4277.47207
243.901916,219,4278.854046
244.220935,215,4280.024054
269.383239,205,4281.182443
284.832623,266,4283.121211
289.515364,213,4284.252533
308.378327,238,4285.411276
244.562393,192,4286.661061
303.068143,211,4287.85524
284.886403,161,4288.858556
266.475615,680,4294.599939
293.727178,209,4295.797362
281.827953,185,4296.893172
53.206353,173,4297.543661
19.349863,138,4298.713248
250.810901,216,4299.891631
274.754392,230,4301.190967
278.498728,203,4302.511533
293.623015,223,4304.012192
271.078394,242,4305.245426
294.693702,190,4306.521246
269.927477,179,4307.585822
55.693455,163,4308.213063
259.919571,849,4313.648829
285.658307,222,4314.955634
254.260635,212,4316.089292
261.362964,232,4317.305283
276.680999,259,4319.172464
299.218857,185,4320.215643
284.373874,252,4321.432681
282.598361,239,4323.185276
296.157058,198,4324.23921
255.501299,501,4328.063509
249.750104,400,4330.982495
254.48187,255,4332.256292
35.219765,165,4333.278536
296.818998,203,4334.681598
283.63662,228,4335.860661
304.520481,186,4336.941328
269.716616,251,4338.742498
288.870303,288,4340.543512
261.838485,321,4342.715683
288.611755,179,4343.804246
275.968865,283,4345.101022
291.974218,341,4347.631927
290.44271,302,4349.332968
308.909908,202,4350.65954
242.679704,219,4351.855194
263.695528,290,4353.713386
267.208251,245,4355.198158
275.418029,244,4356.81043
274.321438,210,4357.972616
268.201754,223,4359.393414
257.61492,264,4361.138272
234.368632,245,4362.416618
278.176756,208,4363.7452
260.314934,195,4364.894898
283.822563,428,4367.97916
319.342556,201,4369.429707
291.913977,283,4370.755087
271.278587,268,4372.636987
262.46606,174,4373.730415
273.343083,214,4375.082909
255.665081,254,4376.463746
243.103365,352,4378.934829
258.946035,219,4380.310852
269.175741,460,4383.350267
278.678463,275,4384.744138
295.607154,245,4386.437103
258.478242,187,4387.783405
224.777855,309,4389.799252
277.676897,206,4391.220683
274.488238,174,4392.347508
256.321747,297,4394.123803
271.644554,236,4395.70635
261.853643,238,4397.007475
316.230558,246,4398.930851
247.277327,267,4400.815757
259.638088,221,4402.120636
313.663538,260,4403.683565
278.882884,199,4404.822237
283.476093,174,4405.951728
273.033306,288,4408.035157
263.292715,255,4409.789675
302.950989,294,4411.368723
228.18607,308,4413.64977
259.323037,199,4415.082276
296.413026,266,4416.485378
305.066048,268,4418.510505
256.621972,212,4419.678484
224.328984,776,4425.383366
253.898655,186,4426.459834
247.794503,285,4428.12107
252.030482,208,4429.583768
235.693127,978,4436.954508
233.130695,545,4440.825773
271.32517,176,4441.895415
276.975619,227,4443.089755
255.527127,195,4444.441283
243.964106,209,4445.617744
274.182444,286,4447.549092
268.923593,200,4448.729599
245.227986,196,4449.810774
272.225726,253,4451.082914
246.294027,956,4458.463629
277.205617,529,4461.982558
296.080062,183,4463.048819
267.056284,201,4464.332899
292.516876,182,4465.394065
33.364211,198,4466.476399
10.360485,150,4467.079157
271.16963,174,4468.246907
250.48411,196,4469.275023
41.787562,154,4469.901204
273.148726,191,4470.943133
240.782385,226,4472.618904
279.73175,258,4473.870614
256.677615,188,4474.918702
263.267174,204,4476.258744
279.193268,225,4477.438825
276.558192,176,4478.47959
291.769428,182,4479.642175
275.086536,213,4480.911968
-6.271808,216,4482.125297
251.082348,198,4483.239171
-22.725744,175,4484.52712
31.86742,213,4485.678532
274.540643,176,4486.752787
273.40551,212,4488.219178
275.522433,249,4489.504657
288.896027,175,4490.580763
290.013277,167,4491.823346
246.813887,198,4492.905282
295.073769,172,4493.929907
285.930249,180,4494.590914
309.192898,198,4495.947381
248.430996,740,4502.036087
259.970404,239,4503.375669
1.370799,214,4504.684137
265.886013,220,4505.847825
28.68193,187,4506.935868
266.208397,201,4508.338715
270.972702,157,4509.348456
256.67425,210,4510.447075
301.139735,188,4511.528203
280.00401,290,4513.469893
286.766299,194,4514.574163
252.840837,183,4515.670323
281.557006,173,4516.484331
305.109903,231,4518.076196
59.990302,242,4519.316608
274.97564,247,4520.783585
283.482845,207,4522.372344
291.071256,168,4523.055485
309.818607,217,4524.475821
277.080455,205,4525.60323
257.571155,191,4526.676709
302.536192,201,4527.779547
318.651142,221,4529.529557
256.798912,211,4530.685895
288.366111,223,4531.876192
266.691989,218,4533.208263
280.267952,204,4534.312532
257.426887,291,4536.004828
274.336313,288,4537.878621
12.145801,245,4539.105273
295.381902,219,4540.828904
285.916482,216,4541.985125
45.958238,235,4543.28017
257.277646,321,4545.361236
294.773963,187,4546.448104
261.205582,183,4547.447875
288.958418,189,4548.743764
276.998871,318,4550.494836
275.419545,215,4551.73897
238.276531,273,4553.495104
249.570195,178,4554.483728
310.493996,199,4555.805946
259.801161,289,4557.520111
266.405753,311,4559.563706
238.995814,175,4560.192264
257.237753,172,4561.18083
261.644698,416,4563.916223
283.979322,363,4566.432637
287.646441,153,4567.593131
283.756112,370,4569.913787
257.716078,453,4573.65565
308.305743,205,4574.849476
291.237171,158,4575.714854
266.921309,264,4577.362755
272.22627,281,4579.173383
271.469963,150,4580.004886
269.118537,542,4583.998904
281.096422,197,4585.220392
245.754554,177,4585.89273
269.770497,274,4587.593503
293.535461,203,4588.968192
275.463862,168,4589.984015
251.344179,160,4591.017963
267.427749,180,4591.654627
264.074257,247,4593.506513
272.810484,397,4596.380604
271.250299,318,4598.222843
277.058675,335,4600.440767
274.753187,248,4602.025683
274.230133,195,4603.164178
274.364777,403,4606.180273
277.147021,313,4608.265068
281.875415,195,4609.353217
245.975753,489,4612.808877
281.037098,202,4613.918979
246.828522,169,4614.741242
262.085046,184,4615.869445
41.610394,99,4616.425496
265.880403,255,4618.271462
242.976119,197,4619.493764
249.303916,161,4620.135134
277.8871,428,4623.525143
308.499175,208,4624.719367
280.443728,191,4625.757455
251.621849,197,4627.183207
300.940616,224,4628.444772
288.539149,163,4629.515399
301.424001,185,4630.494946
271.263503,201,4631.681468
274.045939,737,4637.323792
298.79837,191,4638.600194
258.347209,298,4640.56275
256.269874,611,4644.529486
289.345059,146,4645.147381
273.941638,309,4647.402101
253.138853,331,4650.079708
241.108967,206,4651.220647
244.612901,310,4653.306559
280.164444,283,4655.067324
268.2909,171,4655.719687
263.6751,370,4658.478648
267.255928,138,4659.090069
291.615462,190,4660.219317
301.797377,302,4662.259577
284.697219,273,4664.079339
244.853317,183,4665.39141
305.602992,188,4666.458228
280.928564,188,4667.518664
284.817491,178,4668.131486
290.946387,212,4669.934362
306.485734,223,4671.130997
296.155939,209,4672.292525
272.419341,188,4673.649574
286.288539,308,4675.503089
299.365889,232,4676.98165
257.51122,190,4678.174125
257.981297,300,4679.931722
248.605329,171,4681.175766
275.481431,333,4683.045916
290.949624,172,4684.203513
308.106137,210,4685.542154
289.234023,214,4686.639604
291.767275,184,4687.637351
276.004113,184,4688.847788
289.051782,294,4690.531944
294.745543,213,4691.872525
290.650702,175,4692.905959
271.587891,160,4693.567255
252.860026,278,4695.540069
323.809799,183,4696.622668
289.989096,220,4697.786582
248.319827,269,4699.801828
311.693493,234,4701.081828
301.113828,258,4702.7754
280.943965,208,4704.14114
311.304532,227,4705.312285
273.943382,162,4706.321836
274.929228,162,4707.17546
250.611892,263,4708.911936
301.156627,181,4709.983177
233.502213,324,4712.3732
283.97817,202,4713.523019
226.543291,663,4718.431808
263.558156,170,4719.60505
295.795951,223,4720.775644
154.726299,870,4728.42783
267.136805,165,4729.464067
-241.723253,1000,4738.489592
285.370113,180,4739.555483
-136.226474,1000,4751.442255
246.712914,420,4754.303365
279.498503,141,4754.899904
274.229886,176,4755.998048
259.012107,161,4757.052979
297.244791,190,4757.975198
251.685792,232,4759.619437
293.128829,205,4760.753459
304.216825,200,4762.180982
316.303614,169,4762.890864
234.504595,430,4766.2671
312.555569,160,4766.949892
305.64645,177,4768.032871
273.867657,180,4769.281171
261.321706,169,4770.341753
320.576586,174,4771.029844
-11.318578,1000,4779.390775
289.615128,125,4780.372149
242.824727,216,4781.700453
302.701988,196,4782.822232
264.227958,168,4783.43637
299.051089,176,4784.551435
290.2051,177,4785.88033
241.351032,259,4787.537562
233.815499,819,4795.382733
276.119613,188,4796.612257
253.919259,242,4797.859754
219.529853,678,4803.413701
238.05784,231,4804.738302
238.209174,253,4806.360291
215.635887,706,4812.381548
281.952668,130,4812.952414
315.193602,236,4814.177375
274.652569,169,4815.37275
240.100305,185,4816.432427
294.778171,236,4817.659357
302.615484,231,4819.465415
283.01038,252,4820.817172
231.634971,609,4825.57893
186.267984,519,4830.01179
267.242157,233,4831.785858
257.744628,222,4833.04024
252.540113,178,4834.096652
276.277477,200,4835.44622
254.545713,157,4836.069144
288.993194,135,4837.037071
256.890023,387,4839.808567
267.052506,177,4840.506172
243.056347,454,4843.947079
287.837146,141,4844.58041
261.294936,207,4845.668333
265.61409,188,4846.924906
287.60899,171,4847.949727
254.086281,250,4849.236241
308.441662,216,4850.947913
287.569969,190,4851.722656
286.801877,196,4852.789017
277.602068,187,4853.859975
255.621226,246,4855.728442
296.985287,181,4856.825543
284.611079,195,4857.934329
296.384547,257,4859.450649
304.405166,203,4860.547319
228.142339,326,4862.814835
246.429574,354,4865.41309
276.392218,288,4867.416719
284.402468,196,4868.558474
251.255668,185,4869.632322
250.953604,163,4870.378713
285.404375,154,4871.542587
287.827792,204,4872.663016
245.593454,419,4876.138176
297.418974,220,4877.332855
279.948194,149,4878.455461
264.375004,164,4879.24658
293.559366,189,4880.34194
281.762827,173,4881.331628
269.265905,193,4882.617329
307.401026,245,4883.848411
297.519018,176,4884.949934
285.045648,212,4886.087993
305.072511,199,4887.514257
273.806561,186,4888.547069
293.870304,218,4889.652313
271.971537,170,4890.945717
262.976279,199,4892.096111
307.520953,196,4893.221101
301.456079,191,4894.526498
280.079916,195,4895.643794
286.089277,205,4896.708274
265.706515,180,4897.777514
270.576178,220,4899.284663
317.481381,213,4900.517543
316.05734,284,4902.571462
294.555708,200,4903.804406
257.07733,189,4904.966937
294.245508,204,4906.306492
287.471231,183,4907.475881
306.836267,182,4908.204465
311.805498,191,4909.314203
302.111106,218,4910.76361
291.940738,136,4911.771171
268.402705,185,4912.876439
296.045116,293,4914.903481
291.675547,203,4916.038117
310.55324,214,4917.184391
315.074209,183,4918.516607
295.480549,204,4919.642478
244.572889,177,4920.317795
242.925244,179,4921.369237
274.47296,267,4923.2267
283.927785,220,4924.462373
257.314172,169,4925.492993
259.053423,198,4926.861569
266.710911,168,4927.495429
279.380445,303,4929.435007
288.610565,290,4931.650144
266.697969,174,4932.683519
313.046144,194,4933.785449
273.113497,207,4935.033513
283.128346,186,4936.162862
260.757777,209,4937.313345
290.266135,189,4938.652286
263.723749,181,4939.780104
261.528647,197,4940.937997
255.914132,185,4942.155496
291.630907,228,4943.487733
267.949243,188,4944.577809
286.881247,184,4945.654952
256.206761,207,4947.055188
291.264909,188,4947.792059
290.822914,150,4948.785901
308.078336,279,4950.677311
270.123851,204,4951.787613
293.470484,277,4953.515051
292.191691,209,4954.839732
309.066377,195,4955.977313
251.444199,179,4956.654701
259.3716,182,4957.730462
277.443246,255,4959.580536
272.516928,173,4960.627201
307.302072,196,4961.359922
282.586584,353,4964.144835
293.027299,262,4965.862123
281.150165,209,4967.255317
259.450409,205,4968.367995
290.363437,287,4970.105969
290.834826,191,4971.42088
281.061119,199,4972.50151
282.169543,234,4973.754344
289.079254,189,4975.012415
279.334274,207,4976.138589
246.141691,178,4977.167253
297.779362,252,4978.607876
249.482664,156,4979.639311
298.480583,184,4980.735274
311.261759,185,4981.447861
312.525136,182,4982.745086
273.572678,190,4983.853139
274.523239,185,4984.918045
301.600778,238,4986.152368
280.867301,196,4987.430046
276.118538,205,4988.521866
260.273543,205,4989.624525
305.81819,179,4990.912456
279.076733,147,4991.916947
288.67775,207,4993.027395
270.714045,178,4994.126131
244.697709,227,4995.508103
255.091451,325,4997.46338
291.183857,222,4998.649225
302.18211,218,5000.040611
259.291841,210,5001.511532
273.794846,200,5002.646478
264.78645,154,5003.509681
310.048271,158,5004.522882
249.229373,153,5005.182814
282.087573,181,5006.320123
297.566989,210,5007.651783
266.825831,160,5008.621111
279.291917,160,5009.287315
293.019974,194,5010.35207
244.892977,155,5011.546553
282.364922,183,5012.611026
294.341947,207,5013.694904
306.706646,224,5014.87929
288.894764,198,5016.187287
251.944554,164,5017.258463
304.850555,182,5018.016018
280.824371,160,5019.02464
274.727804,171,5020.334402
278.426178,188,5021.444528
265.414455,190,5022.184709
303.380648,190,5023.270867
324.796925,194,5024.561754
296.530735,205,5025.662425
290.754594,182,5026.71692
312.813356,174,5027.934871
268.165742,169,5029.019816
256.385398,145,5029.628016
249.446725,156,5030.601992
266.999589,412,5033.234825
264.378412,151,5033.8435
262.97181,196,5034.924892
254.663764,176,5036.211351
297.212873,196,5037.277376
269.354349,154,5037.922105
268.287489,151,5038.92199
253.479389,169,5040.147975
275.970518,194,5041.237824
296.974786,199,5042.372556
273.6888,179,5043.082214
290.417614,149,5044.308899
287.49385,137,5044.93757
313.373182,203,5046.049934
281.485255,170,5047.145221
270.684162,170,5048.339461
306.77303,196,5049.432704
287.505197,195,5050.507568
309.034462,290,5052.160777
325.452114,218,5053.71408
273.261198,194,5054.865199
257.760268,180,5055.747608
14.827216,116,5056.789142
306.198762,207,5057.913332
277.843393,149,5058.54233
274.953945,196,5059.729298
293.652674,193,5061.089963
267.818901,172,5062.141203
282.201027,183,5063.181004
258.19506,148,5063.804594
280.753127,181,5065.061637
276.882282,164,5065.700662
252.756622,301,5067.590475
284.066206,164,5068.824495
295.350533,164,5069.924251
289.404227,209,5071.058577
301.435779,203,5072.184171
302.067642,231,5073.613628
266.043952,160,5074.596317
281.235887,263,5075.879108
282.620214,193,5076.996839
275.111902,242,5078.762829
295.105037,281,5080.541906
290.319874,259,5081.986623
234.644278,277,5083.757355
233.743222,452,5086.697085
261.229815,250,5088.484273
261.763885,194,5089.61372
266.758025,298,5091.52536
277.676164,165,5092.56199
271.970121,251,5094.053807
283.837236,389,5096.639122
285.218455,263,5098.480617
302.670739,317,5100.309841
15.239969,220,5101.418563
237.739226,238,5102.874198
253.845797,228,5104.533854
235.055685,257,5105.856964
275.726871,202,5107.287514
246.879703,412,5109.967895
267.605942,265,5111.789257
229.607135,253,5113.174946
252.373267,239,5115.055526
283.030683,287,5116.839107
258.257232,232,5118.310472
281.735094,301,5120.180022
254.14502,191,5121.315399
269.547801,230,5122.727729
265.016565,219,5123.936086
238.858731,291,5126.078111
243.837333,243,5127.819015
276.90067,247,5129.100504
266.071889,228,5131.041171
252.700753,383,5133.335224
244.577985,268,5135.307419
262.433112,228,5136.567762
232.396502,252,5138.472664
245.486446,272,5140.15374
259.40399,433,5143.178342
239.011043,282,5144.958063
258.528263,224,5146.290211
242.362469,310,5148.190303
258.364912,439,5151.29972
288.037809,238,5152.930381
257.643821,212,5154.075626
274.78619,241,5155.492047
231.849547,429,5158.655982
290.987987,255,5160.10816
277.509103,217,5161.226055
276.38881,239,5162.78218
243.773917,591,5166.920332
304.144176,256,5168.466211
259.076708,221,5169.69087
278.043696,229,5171.553446
292.639775,272,5173.024977
246.421447,226,5174.635148
271.805118,225,5176.044621
245.37797,283,5177.86176
282.704233,393,5180.878583
280.392222,237,5182.171718
283.245668,223,5183.617505
288.247973,219,5185.183523
222.385687,342,5187.521789
258.308759,378,5190.065069
265.0797,193,5191.356689
280.542158,210,5192.504603
293.69156,227,5193.725475
278.9512,219,5195.080557
286.309767,219,5196.264904
302.381312,233,5197.919209
254.580894,201,5199.273571
301.155358,247,5200.591371
280.752417,206,5201.809315
306.635053,220,5203.270073
269.048855,276,5205.021395
277.446608,230,5206.864267
271.124738,183,5207.572364
267.194814,156,5208.592749
275.332529,192,5209.710743
294.059073,256,5211.195619
307.810054,237,5212.821421
294.025612,239,5214.213202
268.311115,221,5215.387202
293.277777,235,5217.071951
280.27649,184,5218.391335
279.482898,228,5219.620016
261.184831,202,5220.791215
314.938345,215,5222.219007
283.142803,205,5223.310204
273.074855,194,5224.417579
265.96192,195,5225.586485
248.73109,196,5226.929133
279.28333,230,5228.207898
249.837129,199,5229.389371
325.808919,228,5231.224935
285.400023,247,5232.569971
276.531848,232,5234.04136
280.523233,214,5235.236695
275.290519,229,5236.857557
271.912047,228,5238.36304
290.157649,232,5239.601883
263.461371,244,5241.254729
285.856978,250,5242.718316
274.7404,256,5244.410008
313.322338,212,5245.782996
284.284525,199,5247.019411
309.306687,245,5248.289361
234.387863,195,5249.701319
309.158806,183,5250.850637
249.224454,227,5252.09311
287.18182,246,5253.990804
244.129311,158,5254.62984
285.370799,257,5256.576538
256.904638,225,5257.786993
300.735011,189,5258.942647
282.938913,242,5260.863548
298.775357,255,5262.180343
291.926583,202,5263.560082
279.916006,219,5264.761437
274.013365,258,5266.720282
255.632141,242,5268.044271
264.924671,236,5269.662277
265.769085,224,5271.12215
285.27765,190,5272.222839
284.116424,259,5273.764212
316.457812,229,5275.42357
285.664548,233,5276.655862
301.291251,201,5278.073755
249.509752,208,5279.241351
272.978789,210,5280.435565
289.508105,242,5282.285161
254.11209,175,5282.988484
265.260542,191,5284.117519
250.781509,235,5285.973296
284.610771,231,5287.24648
260.345212,215,5288.404202
290.247679,239,5290.305294
248.289393,187,5291.048249
293.240397,248,5292.93967
239.367439,189,5294.079011
318.970799,201,5295.234499
277.410341,243,5296.759551
266.710576,253,5298.484302
295.277202,247,5299.79463
252.681563,180,5301.169948
269.312938,238,5302.444412
269.403198,217,5303.942808
275.007537,226,5305.404898
313.183597,245,5306.680693
254.950336,239,5308.588984
277.418157,207,5309.782672
284.658748,243,5311.039956
268.44036,245,5312.916054
293.995919,237,5314.16866
271.65605,220,5315.562575
245.926523,199,5316.724229
271.972924,188,5317.906606
272.184977,198,5319.261899
267.99569,168,5320.32927
282.69782,238,5321.582499
238.455093,182,5322.939976
265.64328,227,5324.147837
273.327178,186,5325.267772
259.195762,188,5326.793361
285.488015,253,5328.160614
300.086303,268,5329.9639
245.046047,193,5331.329895
286.790115,215,5332.560836
247.09393,193,5333.743863
289.369731,259,5335.615353
232.764775,498,5339.15253
244.789412,193,5340.290702
295.37393,265,5341.678677
262.066292,205,5343.043677
262.788667,188,5344.180107
288.840543,251,5345.937985
270.222214,180,5347.328843
279.413749,219,5348.551192
274.421671,216,5349.762735
263.891699,204,5351.164948
283.258752,440,5353.813099
262.667839,242,5355.761341
281.911522,300,5357.690699
291.438411,235,5359.183312
232.886601,265,5360.967355
303.018786,300,5363.05835
301.979162,392,5365.721258
269.206462,308,5368.003961
260.359285,180,5369.08857
269.812145,193,5369.798873
300.272987,328,5372.320932
278.997668,224,5373.505087
244.779436,176,5374.847261
279.488294,497,5378.080025
254.991587,177,5379.32742
275.197652,239,5380.616697
297.350114,219,5382.001705
295.161985,258,5383.629164
250.509269,199,5384.725777
262.327143,200,5386.017845
300.417661,232,5387.342368
282.586464,201,5388.462467
271.328135,205,5389.652178
292.367933,242,5391.073882
267.162103,531,5395.457002
311.292747,261,5396.737138
265.267361,220,5398.483095
259.787221,224,5399.725242
250.397281,183,5400.84086
278.068374,229,5402.139462
263.580773,224,5403.487207
258.82492,188,5404.595575
296.67392,237,5405.83
246.517135,180,5407.089171
271.328938,218,5408.246173
276.131014,212,5409.785245
295.394526,242,5411.205741
248.959205,170,5412.348278
272.733769,215,5413.469811
304.659728,256,5414.810001
257.652245,243,5416.635068
283.163792,225,5417.862834
290.542161,259,5419.767033
263.369117,183,5420.522357
249.275706,188,5421.669263
269.468669,187,5422.785938
302.602578,229,5424.14819
257.456793,198,5425.239994
273.841612,206,5426.753494
254.939597,185,5427.426302
271.60394,249,5429.324726
303.573288,218,5430.47675
268.913857,240,5431.650372
269.159629,187,5432.906631
274.050316,289,5434.595501
287.772921,209,5435.663031
290.550843,253,5437.464276
249.226325,185,5438.505025
272.18624,181,5439.22271
276.789229,245,5441.041077
252.739091,271,5442.712573
254.052231,180,5443.621246
276.62217,192,5444.752926
295.050217,273,5446.437038
296.925368,263,5448.255865
240.292483,321,5450.134134
272.417283,225,5451.506739
293.821669,239,5453.123058
263.536139,185,5453.793871
269.464079,432,5457.333745
262.434848,400,5460.031614
231.881518,304,5461.788062
285.810771,244,5463.281762
270.805255,241,5464.928049
249.327282,206,5466.224843
273.099853,169,5466.967205
280.821192,204,5468.051976
236.327181,268,5469.988282
281.367972,170,5471.037413
255.339864,188,5472.080106
258.65076,478,5474.814019
264.255549,229,5476.364266
242.716965,243,5477.856546
288.186553,237,5479.485812
272.895312,242,5480.667666
272.894378,215,5482.070061
269.875252,681,5486.398318
252.148821,303,5488.31045
256.472455,193,5489.628895
271.25951,214,5490.811878
253.000478,207,5491.994182
270.316837,180,5493.048499
277.548973,250,5494.594521
302.013422,277,5496.307987
283.531066,160,5497.3969
286.265359,254,5498.762002
262.672609,334,5501.073571
264.052703,307,5503.159283
289.786207,287,5504.99021
266.595088,235,5506.384897
266.775546,160,5507.385447
283.854318,296,5509.161793
274.154156,227,5510.585603
245.480026,395,5513.083778
221.768024,431,5515.922003
248.306286,198,5517.080763
277.507962,198,5518.172761
282.345548,274,5520.061959
261.120694,180,5521.134741
238.982348,338,5523.346557
240.444564,263,5525.060693
258.066426,229,5526.384993
268.371931,252,5527.771125
255.737801,165,5528.766197
261.68607,222,5529.973325
271.502594,203,5531.288933
251.692581,344,5533.693861
247.863821,360,5536.145998
275.217193,247,5537.794441
275.222879,297,5539.781994
291.538756,231,5541.040286
236.766065,247,5542.87481
290.793026,261,5544.119151
256.491385,183,5545.180977
257.538858,179,5546.312953
269.958546,268,5547.880149
279.697512,162,5548.828183
271.930943,479,5552.293815
240.180205,197,5553.382556
263.136582,393,5556.171372
249.503789,294,5558.0123
253.892712,225,5559.201397
253.598585,176,5560.459255
235.896882,208,5561.574058
271.724597,249,5562.794695
275.884897,233,5564.583973
292.77829,416,5567.079495
275.725436,178,5568.246442
282.312964,182,5569.071632
289.305845,234,5570.713463
52.938196,196,5571.751109
293.831097,276,5573.331229
300.339417,269,5574.978575
274.213112,290,5576.909957
289.165657,287,5578.717139
258.26947,188,5579.758734
260.254047,325,5581.759129
303.443216,216,5582.890538
256.177545,217,5584.048505
263.408124,484,5587.601462
266.476236,238,5589.463413
51.40625,164,5590.107253
245.440812,184,5591.198525
46.406228,198,5592.351913
267.482648,195,5593.750396
252.525796,347,5595.804243
238.979321,347,5598.519535
258.607138,222,5599.699867
261.433382,223,5600.895719
267.304346,233,5602.667882
270.680348,166,5603.369518
260.684215,159,5604.444349
263.774606,203,5605.810546
255.919526,378,5608.215205
276.401037,232,5609.695308
260.872043,246,5611.314956
257.430819,414,5614.162311
261.864191,184,5615.198592
284.990902,225,5616.406196
294.983551,226,5617.778208
281.73295,206,5618.983484
279.82812,217,5620.200477
242.442911,165,5621.184995
274.387402,275,5623.124698
281.361728,216,5624.336338
283.424571,160,5624.945315
255.8163,315,5627.50479
211.336196,719,5632.305177
253.391069,183,5633.42148
311.089276,224,5634.865128
280.557201,386,5637.410709
281.077486,514,5641.301874
286.138652,199,5642.724794
252.221296,295,5644.533085
282.121392,214,5645.695974
284.797466,434,5648.833369
273.424461,185,5649.903794
258.739553,174,5651.171607
294.297313,286,5652.994966
285.288923,163,5653.655791
255.195654,175,5654.98791
236.929085,272,5656.765734
293.300379,221,5657.911438
287.706411,220,5659.285369
292.242345,224,5660.456467
279.221112,207,5662.200564
315.774462,224,5663.588986
304.783939,300,5665.515152
268.197683,145,5666.244483
245.640362,172,5667.449854
256.203541,284,5669.311879
307.316681,315,5671.442102
270.206865,325,5673.433868
259.841579,267,5675.43093
247.522421,186,5676.552832
255.960723,189,5677.773815
252.212627,160,5678.53032
272.010671,193,5679.645035
295.186908,171,5680.662082
315.978253,191,5681.76153
284.975966,255,5683.294057
248.931288,177,5684.252611
292.234879,194,5685.324667
275.833861,267,5687.255537
262.27463,193,5688.344349
297.548527,242,5689.560268
286.766929,238,5691.043856
249.363758,285,5692.813627
272.093056,281,5694.546144
271.360479,263,5696.491948
283.485138,227,5697.677164
269.163748,479,5701.093126
259.000474,201,5702.234447
223.876546,563,5705.989576
273.61093,246,5707.908648
267.519052,161,5708.577786
284.720981,429,5712.072415
-1.395526,129,5712.665083
278.116727,276,5714.5176
236.354082,340,5717.041058
226.27159,563,5721.990133
268.269556,242,5723.442074
242.674563,339,5726.020139
-32.221263,200,5727.400787
254.097997,512,5730.869532
-47.493735,262,5732.283663
277.494091,262,5734.242189
242.70087,324,5736.286187
263.722685,325,5738.511767
262.554442,257,5740.282073
-18.054171,194,5741.631133
282.184102,175,5742.791502
289.475814,256,5744.139165
-6.550266,221,5746.002008
260.117069,181,5746.719666
242.006459,211,5747.911483
260.041616,197,5749.280494
278.447351,230,5750.964436
254.587868,367,5753.277619
261.494127,252,5755.088708
287.345257,218,5756.316719
265.915854,353,5759.184426
270.665039,226,5760.651374
273.642726,221,5761.917938
253.8746,373,5764.873671
302.611921,460,5767.879862
257.706135,285,5769.919857
272.61144,271,5771.75907
263.142674,285,5773.761228
299.638993,171,5774.875011
247.185893,196,5775.644697
278.506726,165,5776.993541
257.993184,501,5780.884527
262.577673,321,5783.104669
256.386362,301,5785.365117
310.129647,309,5787.264332
272.475995,172,5788.576557
254.689757,244,5790.329701
242.991683,174,5791.007323
279.52406,198,5792.392355
279.952949,270,5794.099273
61.100745,115,5794.673075
303.579577,286,5796.817215
305.031143,200,5797.969793
258.461789,230,5799.160634
294.197703,311,5801.327647
243.006688,227,5802.917198
272.674807,312,5805.007094
266.991355,262,5806.361247
260.67516,205,5808.12563
259.128022,243,5809.459658
269.319732,303,5811.430316
279.349146,222,5812.692258
254.615527,195,5813.816493
273.383025,214,5814.945928
263.808553,187,5816.261459
284.907413,180,5817.362673
47.027893,167,5818.460946
285.858619,200,5819.724674
278.625239,234,5820.883742
257.97954,240,5822.134025
269.071715,271,5824.112525
264.225039,226,5825.313952
277.958735,282,5826.978004
289.746746,285,5829.098416
265.795253,255,5830.70944
269.729447,182,5831.591575
263.320751,190,5832.68137
271.027808,308,5834.63386
276.142052,179,5835.834938
278.253688,219,5837.009558
297.733754,283,5838.848131
286.389171,328,5840.945334
263.706525,211,5842.485135
263.592678,293,5844.160307
281.166787,181,5845.212178
259.389227,175,5846.310002
283.675894,178,5847.540267
255.173668,181,5848.681631
265.263373,176,5849.351626
275.367491,273,5851.092247
289.024345,158,5852.289835
233.06433,340,5854.447348
301.64938,293,5856.553117
54.994509,133,5857.141581
265.825422,159,5858.155372
299.405615,228,5859.417117
309.858231,247,5861.253732
56.144576,146,5861.899932
271.886025,257,5863.658399
284.275295,182,5864.809665
297.204042,155,5865.462466
265.794858,192,5866.535772
259.586418,145,5867.138443
306.426045,214,5868.949967
274.248403,193,5870.002627
283.954623,307,5872.035146
273.006309,269,5873.345478
273.217257,224,5874.847486
240.431967,173,5875.711736
260.344029,199,5876.91212
291.312303,144,5877.872649
276.550615,196,5878.939972
293.569013,219,5880.334601
303.056112,208,5881.479385
250.072544,249,5882.733653
243.941705,254,5884.728527
289.883233,166,5885.759214
233.120362,329,5888.036168
281.438724,227,5889.224426
253.85564,166,5890.254396
286.417203,240,5891.656286
275.440031,276,5893.513923
300.539719,170,5894.585993
318.045593,223,5895.96772
213.971145,522,5900.113421
272.46219,247,5901.757869
303.180904,294,5903.675572
266.692924,159,5904.360522
304.724313,244,5905.96097
269.174509,266,5907.551773
244.795327,197,5908.733984
287.781897,240,5910.625248
280.187666,313,5912.56728
276.589377,254,5913.919017
285.031487,249,5915.799912
273.127228,240,5917.145019
265.782399,363,5919.966559
281.110228,162,5920.663287
240.723127,272,5922.773467
225.260267,296,5924.778913
301.178913,215,5926.240165
305.974429,224,5927.47665
264.309986,167,5928.515367
281.739546,241,5930.398581
277.867244,209,5931.543782
249.155506,173,5932.245958
277.498698,282,5934.281167
290.56145,219,5935.498518
291.917116,212,5937.234106
272.389746,186,5938.135664
310.635117,376,5940.539938
280.495608,177,5941.913183
272.406042,246,5943.256368
300.93078,189,5944.394408
287.541422,158,5945.694648
249.544525,208,5946.85145
249.801296,178,5947.943743
295.642658,292,5949.959605
290.546424,222,5951.101275
258.760739,229,5952.356825
301.612088,169,5953.689188
259.962683,241,5955.052975
271.020682,231,5956.75111
297.57327,230,5958.254458
251.377424,176,5959.385044
277.61348,269,5961.01517
277.412096,194,5962.20152
259.529704,194,5963.355171
282.616336,192,5964.59915
262.571678,203,5965.759477
257.265593,170,5966.868531
283.722046,248,5968.224203
296.812305,198,5969.579289
279.260381,312,5971.414876
246.962316,178,5972.769463
263.451665,207,5973.879525
280.263047,231,5975.469707
247.967451,182,5976.391676
262.603818,207,5977.577059
267.950794,271,5979.369048
251.681241,191,5980.691775
273.986885,179,5981.752952
241.985605,277,5983.733222
0.205776,1000,5994.436203
292.54386,168,5995.163544
257.053646,166,5996.257559
307.344186,236,5997.568054
274.090299,193,5998.873252
266.752258,191,6000.012792
280.327052,194,6001.151384
270.212913,246,6003.078647
285.75804,192,6003.775854
306.292584,218,6005.604755
-9.113583,151,6006.296416
298.981094,246,6008.020988
281.05026,213,6009.49074
302.745262,227,6010.793742
251.845495,165,6011.899515
301.467801,281,6014.07173
256.396871,167,6014.755536
252.366507,250,6016.456099
256.057799,708,6022.442418
294.442323,182,6023.523598
259.749415,178,6024.194972
191.057569,646,6029.384831
277.340115,146,6030.215872
-5.629185,1000,6038.347521
7.317985,1000,6047.47833
309.141798,258,6049.328733
218.055543,578,6053.261691
284.521315,317,6055.236116
188.50158,652,6061.028609
264.572685,190,6062.31442
22.413124,322,6064.272789
155.858529,671,6069.250067
268.70541,291,6071.275622
288.317519,268,6073.024215
260.980073,305,6075.12221
322.206402,229,6076.342908
260.190387,378,6079.218889
276.265947,265,6080.945227
241.52281,177,6081.623717
249.013953,289,6083.579446
280.841918,357,6085.914454
276.415737,306,6087.946389
259.778031,205,6089.040005
241.934992,248,6090.469404
245.008809,241,6092.167759
250.927161,202,6093.268869
301.317947,221,6094.711985
250.469604,194,6095.915488
-8.105983,1000,6104.397351
242.044347,224,6105.587498
138.593981,912,6112.937113
262.102292,248,6114.629508
293.56989,299,6116.628161
271.086232,216,6117.809864
273.013131,229,6119.017665
294.894294,220,6120.428534
271.12576,221,6121.964948
271.20123,188,6122.659017
296.560893,198,6123.985784
285.357365,330,6126.328232
266.017232,265,6127.862315
255.261988,265,6129.58548
125.402711,887,6136.087553
277.261132,240,6137.376642
-107.675899,1000,6145.102647
298.768651,204,6146.247234
292.933747,223,6148.024282
242.529246,221,6149.220637
232.128847,258,6150.476134
266.795431,237,6152.300436
263.83705,221,6153.493137
287.276323,215,6154.626341
268.695208,216,6156.009739
243.517951,234,6157.576473
263.70059,447,6160.758863
247.168505,294,6162.555742
233.851446,388,6165.318154
258.35969,215,6166.452869
285.158271,232,6167.865851
270.025698,178,6168.97658
243.890416,240,6170.505119
269.802759,227,6171.692113
274.987762,230,6173.040918
247.602454,205,6174.164527
254.279565,183,6175.18782
252.369742,177,6176.398867
249.18706,175,6177.409064
296.88344,221,6178.515275
275.370273,264,6179.760367
255.982249,164,6180.899301
263.04859,202,6182.022541
265.774656,166,6182.998954
254.39082,210,6184.088111
265.542113,341,6186.178411
184.1866,945,6194.703747
233.998385,509,6198.170713
273.851965,210,6199.260188
300.312299,216,6200.413407
263.656573,225,6201.581328
24.845473,284,6203.425867
261.487179,162,6204.439502
251.79427,163,6205.059799
266.467946,141,6206.049192
266.984206,393,6208.795262
-7.046394,413,6211.441481
121.799829,925,6218.961757
268.233885,200,6220.204175
-103.520653,1000,6227.952302
256.795177,219,6229.161264
293.089037,167,6230.213625
301.825665,202,6231.551876
-106.200066,1000,6240.471831
244.448749,179,6241.538616
305.822555,208,6242.695079
259.358842,170,6243.947613
312.393448,183,6244.68822
289.114028,207,6245.779661
275.897858,210,6247.448802
-87.279057,1000,6253.832379
309.145636,225,6254.974423
271.958999,195,6256.215555
271.693493,221,6257.286028
-87.797759,1000,6265.805611
292.183504,216,6266.873944
-66.142613,1000,6273.738033
-79.71915,1000,6280.162331
-122.375169,1000,6287.931538
236.439094,482,6290.737804
288.839541,172,6291.92165
41.830465,165,6292.597667
277.33676,176,6293.62035
284.085934,178,6294.674468
-97.929793,1000,6302.063284
288.344813,166,6302.690012
286.889142,258,6304.521478
243.407201,178,6305.574357
267.481697,239,6306.778385
251.770074,187,6307.807972
301.017052,253,6309.576798
267.641466,165,6310.239604
254.424104,842,6316.92314
270.216761,604,6320.908709
245.283988,1000,6329.383853
271.739089,285,6331.185787
278.118661,175,6331.866539
274.511896,217,6333.61459
280.896955,189,6334.363959
287.609619,195,6335.520444
294.61475,182,6336.752677
273.024262,179,6337.864168
291.120809,224,6339.083578
268.083124,197,6340.155201
301.44392,191,6341.52596
309.288497,221,6342.762121
233.94833,179,6343.806115
264.294341,193,6345.127173
277.520522,205,6346.296311
280.652807,308,6348.038613
293.443474,175,6349.306264
279.399636,196,6350.467624
281.109657,169,6351.509461
306.415256,205,6352.675959
306.081805,224,6354.023844
272.207937,200,6355.165565
285.62104,208,6356.310369
273.672036,233,6357.500627
265.917625,250,6359.325174
275.28083,300,6361.08666
271.82084,207,6362.445074
249.908506,212,6363.591152
250.821636,221,6364.744232
271.081224,193,6365.866424
234.866362,305,6367.938252
252.41687,215,6369.056987
260.536559,214,6370.402089
284.164045,333,6372.701225
275.731742,213,6373.955589
272.515508,237,6375.189985
257.60019,257,6376.769097
301.84508,209,6378.084627
120.901548,1000,6384.499689
